Precio_Entrada,Tiempo_Entrada,Precio_Salida,Tiempo_Salida,Ganancia,Ganancia 0.01,Costo_Compra,Costo_Venta,Costo_xTrade
30506.57,15:38.1,30507.47,16:30.0,0.07581726,0.009,0.3050657,0.3050747,0.9201404
30507.61,17:10.1,30527.3,18:54.6,1.93641559,0.1969,0.3050761,0.305273,0.9203491
30517.99,25:17.7,30522,25:56.7,0.39357456,0.0401,0.3051799,0.30522,0.9203999
30520.05,27:08.5,30533.91,29:25.1,1.35559572,0.1386,0.3052005,0.3053391,0.9205396
30516,34:19.6,30518.48,36:17.0,0.22041911,0.0248,0.30516,0.3051848,0.9203448
30503.76,39:18.3,30506.76,40:55.6,0.27990284,0.03,0.3050376,0.3050676,0.9201052
30502.09,45:25.8,30505.98,46:10.2,0.37815298,0.0389,0.3050209,0.3050598,0.9200807
30509.28,47:07.7,30512.41,47:42.2,0.3100348,0.0313,0.3050928,0.3051241,0.9202169
30502.39,48:48.3,30518.01,50:25.0,1.5390709,0.1562,0.3050239,0.3051801,0.920204
30514,51:31.1,30519.25,52:18.8,0.48665808,0.0525,0.30514,0.3051925,0.9203325
30510.64,55:10.0,30519.11,56:06.2,0.82122473,0.0847,0.3051064,0.3051911,0.9202975
30523.02,56:11.0,30533.24,57:09.1,1.01273763,0.1022,0.3052302,0.3053324,0.9205626
30528.01,59:16.4,30551.99,01:09.2,2.34242087,0.2398,0.3052801,0.3055199,0.9208
30549.08,02:06.2,30553.15,03:02.9,0.40277604,0.0407,0.3054908,0.3055315,0.9210223
30548,05:41.5,30551.99,07:00.4,0.39740147,0.0399,0.30548,0.3055199,0.9209999
30501.44,26:29.5,30503.83,27:43.4,0.22868524,0.0239,0.3050144,0.3050383,0.9200527
30497.1,29:20.6,30503.92,32:07.1,0.65567517,0.0682,0.304971,0.3050392,0.9200102
30495.52,35:33.4,30497.22,36:21.4,0.16943632,0.017,0.3049552,0.3049722,0.9199274
30529.42,05:55.2,30539.51,07:17.9,0.8945638,0.1009,0.3052942,0.3053951,0.9206893
30530.67,12:40.0,30539.45,13:27.3,0.86090093,0.0878,0.3053067,0.3053945,0.9207012
30526.73,18:03.8,30531.81,19:53.3,0.49978874,0.0508,0.3052673,0.3053181,0.9205854
30537.52,21:30.7,30538.09,22:09.6,0.0034908,0.0057,0.3053752,0.3053809,0.9207561
30540.68,27:09.5,30554.8,27:52.6,1.3751534,0.1412,0.3054068,0.305548,0.9209548
30556.97,30:44.9,30557.89,31:19.2,0.06538597,0.0092,0.3055697,0.3055789,0.9211486
30531.76,40:17.2,30550.22,42:11.4,1.83784562,0.1846,0.3053176,0.3055022,0.9208198
30551.76,48:15.0,30553.16,48:58.9,0.13495208,0.014,0.3055176,0.3055316,0.9210492
30544.52,50:35.6,30552.58,51:40.7,0.7801843,0.0806,0.3054452,0.3055258,0.920971
30555.06,53:56.5,30557.13,54:26.6,0.16013188,0.0207,0.3055506,0.3055713,0.9211219
30551.88,06:02.3,30558.19,07:08.6,0.62202548,0.0631,0.3055188,0.3055819,0.9211007
30526.31,08:58.1,30534.53,10:27.3,0.81422534,0.0822,0.3052631,0.3053453,0.9206084
30541.62,11:46.2,30551.03,12:16.4,0.8577782,0.0941,0.3054162,0.3055103,0.9209265
30545.5,17:58.0,30547.42,20:21.6,0.17373785,0.0192,0.305455,0.3054742,0.9209292
30553.63,20:43.8,30554.44,21:13.7,0.03292242,0.0081,0.3055363,0.3055444,0.9210807
30546.24,23:34.6,30549.99,25:38.1,0.36731365,0.0375,0.3054624,0.3054999,0.9209623
30550.68,26:00.3,30556.59,26:47.9,0.53422471,0.0591,0.3055068,0.3055659,0.9210727
30656.16,16:23.7,30653.39,16:41.6,-0.277,-0.0277,0.3065616,0.3065339,0.9230955
30651.9,22:30.9,30656.79,23:18.9,0.489,0.0489,0.306519,0.3065679,0.9230869
30692.83,30:20.5,30708.66,31:25.5,1.583,0.1583,0.3069283,0.3070866,0.9240149
30711.27,32:27.7,30713.88,32:45.0,0.261,0.0261,0.3071127,0.3071388,0.9242515
30706.17,33:46.7,30717.32,34:47.2,1.115,0.1115,0.3070617,0.3071732,0.9242349
30722.92,34:56.4,30739.72,35:35.8,1.68,0.168,0.3072292,0.3073972,0.9246264
30696,38:23.4,30699.09,39:32.8,0.309,0.0309,0.30696,0.3069909,0.9239509
30703.68,40:01.2,30706.01,40:31.5,0.233,0.0233,0.3070368,0.3070601,0.9240969
30687.08,42:56.3,30689.99,44:44.6,0.291,0.0291,0.3068708,0.3068999,0.9237707
30690.77,44:54.2,30698.1,45:32.8,0.733,0.0733,0.3069077,0.306981,0.9238887
30668.71,47:35.9,30675.95,50:25.7,0.724,0.0724,0.3066871,0.3067595,0.9234466
30668.18,54:23.6,30669.35,55:37.9,0.117,0.0117,0.3066818,0.3066935,0.9233753
30656.91,59:41.2,30668.73,00:44.5,1.182,0.1182,0.3065691,0.3066873,0.9232564
30670.76,01:50.3,30675.96,02:20.8,0.52,0.052,0.3067076,0.3067596,0.9234672
30678.75,03:09.1,30680.01,03:35.1,0.126,0.0126,0.3067875,0.3068001,0.9235876
30717.08,07:35.9,30722.81,08:06.2,0.573,0.0573,0.3071708,0.3072281,0.9243989
30722.43,09:25.8,30736.3,10:23.1,1.387,0.1387,0.3072243,0.307363,0.9245873
30708.53,12:36.4,30720.7,13:37.9,1.217,0.1217,0.3070853,0.307207,0.9242923
30712.97,15:00.6,30726,15:36.2,1.303,0.1303,0.3071297,0.30726,0.9243897
30727.44,18:14.0,30729.93,19:02.0,0.249,0.0249,0.3072744,0.3072993,0.9245737
30728.01,20:08.6,30733.92,21:13.1,0.591,0.0591,0.3072801,0.3073392,0.9246193
30731.01,22:32.4,30734.57,23:11.3,0.356,0.0356,0.3073101,0.3073457,0.9246558
30740.02,23:29.1,30743.05,23:50.3,0.303,0.0303,0.3074002,0.3074305,0.9248307
30733.99,24:52.3,30744.71,26:11.2,1.072,0.1072,0.3073399,0.3074471,0.924787
30737.02,27:08.7,30740.99,28:04.6,0.397,0.0397,0.3073702,0.3074099,0.9247801
30741.26,28:53.7,30754.66,30:03.5,1.34,0.134,0.3074126,0.3075466,0.9249592
30778.6,32:06.6,30781.05,32:31.8,0.245,0.0245,0.307786,0.3078105,0.9255965
30741.43,33:33.8,30770.17,34:34.9,2.874,0.2874,0.3074143,0.3077017,0.925116
30758.04,35:40.8,30762.92,37:13.1,0.488,0.0488,0.3075804,0.3076292,0.9252096
30757.16,38:15.0,30760.41,39:23.7,0.325,0.0325,0.3075716,0.3076041,0.9251757
30747.18,41:23.4,30757.95,43:25.8,1.077,0.1077,0.3074718,0.3075795,0.9250513
30754.13,44:57.9,30763.3,45:58.9,0.917,0.0917,0.3075413,0.307633,0.9251743
30738.8,49:40.8,30740,51:03.3,0.12,0.012,0.307388,0.3074,0.924788
30740.01,51:52.8,30743.86,52:53.3,0.385,0.0385,0.3074001,0.3074386,0.9248387
30744.99,53:11.3,30747.46,53:56.6,0.247,0.0247,0.3074499,0.3074746,0.9249245
30752.11,55:19.3,30761.99,56:04.4,0.988,0.0988,0.3075211,0.3076199,0.925141
30758,57:13.1,30758.06,58:09.4,0.006,0.0006,0.30758,0.3075806,0.9251606
30753.92,59:03.9,30772,00:52.6,1.808,0.1808,0.3075392,0.30772,0.9252592
30779.22,01:06.4,30789.12,01:27.4,0.99,0.099,0.3077922,0.3078912,0.9256834
30775.94,04:07.6,30779.81,05:38.7,0.387,0.0387,0.3077594,0.3077981,0.9255575
30759.37,07:07.6,30761.67,08:07.3,0.23,0.023,0.3075937,0.3076167,0.9252104
30763.5,10:58.9,30778,11:56.7,1.45,0.145,0.307635,0.30778,0.925415
30756,13:47.8,30771.86,15:50.8,1.586,0.1586,0.30756,0.3077186,0.9252786
30760.69,19:13.3,30773.14,23:32.4,1.245,0.1245,0.3076069,0.3077314,0.9253383
30765.22,24:47.7,30773.18,25:56.9,0.796,0.0796,0.3076522,0.3077318,0.925384
30771.24,26:59.0,30774,27:51.5,0.276,0.0276,0.3077124,0.30774,0.9254524
30758.3,35:43.5,30759.27,38:12.3,0.097,0.0097,0.307583,0.3075927,0.9251757
30767.12,40:15.8,30773.64,41:02.4,0.652,0.0652,0.3076712,0.3077364,0.9254076
30774.59,41:58.6,30777.73,42:47.2,0.314,0.0314,0.3077459,0.3077773,0.9255232
30772.99,43:31.6,30778.54,44:50.9,0.555,0.0555,0.3077299,0.3077854,0.9255153
30779.72,45:26.7,30782.27,46:09.7,0.255,0.0255,0.3077972,0.3078227,0.9256199
30774.31,47:31.8,30776.19,48:50.2,0.188,0.0188,0.3077431,0.3077619,0.925505
30777.07,49:25.7,30780.76,50:04.3,0.369,0.0369,0.3077707,0.3078076,0.9255783
30781.55,50:44.1,30782.19,51:09.7,0.064,0.0064,0.3078155,0.3078219,0.9256374
30784.69,53:00.3,30787.86,53:35.0,0.317,0.0317,0.3078469,0.3078786,0.9257255
30790.5,54:01.6,30790.55,54:05.7,0.005,0.0005,0.307905,0.3079055,0.9258105
30763.17,58:19.2,30763.38,59:04.0,0.021,0.0021,0.3076317,0.3076338,0.9252655
30756.86,59:52.6,30770.23,00:57.7,1.337,0.1337,0.3075686,0.3077023,0.9252709
30773.37,02:21.0,30774.04,02:42.7,0.067,0.0067,0.3077337,0.3077404,0.9254741
30775.35,02:51.8,30778.98,03:39.3,0.363,0.0363,0.3077535,0.3077898,0.9255433
30780.42,04:39.0,30782.19,05:10.7,0.177,0.0177,0.3078042,0.3078219,0.9256261
30714.06,42:03.9,30726.61,43:41.4,1.255,0.1255,0.3071406,0.3072661,0.9244067
30689.65,46:41.6,30691.29,48:04.4,0.164,0.0164,0.3068965,0.3069129,0.9238094
30692,48:22.1,30699.46,49:28.8,0.746,0.0746,0.30692,0.3069946,0.9239146
30700.33,49:33.2,30701.19,49:55.0,0.086,0.0086,0.3070033,0.3070119,0.9240152
30701,53:04.0,30704.56,55:07.7,0.356,0.0356,0.30701,0.3070456,0.9240556
30676,00:48.4,30687.05,01:58.3,1.105,0.1105,0.30676,0.3068705,0.9236305
30675.68,06:25.6,30676.44,07:58.6,0.076,0.0076,0.3067568,0.3067644,0.9235212
30673.28,09:52.1,30688.32,11:51.9,1.504,0.1504,0.3067328,0.3068832,0.923616
30692.74,29:20.8,30695.71,30:20.4,0.297,0.0297,0.3069274,0.3069571,0.9238845
30678.1,35:43.6,30685.85,37:20.4,0.775,0.0775,0.306781,0.3068585,0.9236395
30689.85,44:16.3,30690.54,46:21.8,0.069,0.0069,0.3068985,0.3069054,0.9238039
30682.03,48:01.8,30682.74,50:04.7,0.071,0.0071,0.3068203,0.3068274,0.9236477
30675.98,53:26.3,30679.24,54:53.5,0.326,0.0326,0.3067598,0.3067924,0.9235522
30670.77,58:49.6,30673.61,59:42.2,0.284,0.0284,0.3067077,0.3067361,0.9234438
30675.15,00:26.1,30675.98,01:09.9,0.083,0.0083,0.3067515,0.3067598,0.9235113
30665.72,04:45.8,30675.56,07:31.9,0.984,0.0984,0.3066572,0.3067556,0.9234128
30667.49,09:51.9,30670.28,11:08.0,0.279,0.0279,0.3066749,0.3067028,0.9233777
30635.81,14:38.4,30643.99,15:17.5,0.818,0.0818,0.3063581,0.3064399,0.922798
30646.48,15:22.4,30651.79,16:05.6,0.531,0.0531,0.3064648,0.3065179,0.9229827
30652.48,19:03.0,30659.38,20:30.9,0.69,0.069,0.3065248,0.3065938,0.9231186
30633.49,23:25.7,30634.13,24:17.8,0.064,0.0064,0.3063349,0.3063413,0.9226762
30635.05,25:24.0,30646.46,26:17.4,1.141,0.1141,0.3063505,0.3064646,0.9228151
30636.03,28:28.4,30642.66,29:34.1,0.663,0.0663,0.3063603,0.3064266,0.9227869
30651.06,56:16.2,30656.02,56:55.4,0.496,0.0496,0.3065106,0.3065602,0.9230708
30642.01,58:32.4,30649.05,00:09.3,0.704,0.0704,0.3064201,0.3064905,0.9229106
30645.55,01:15.2,30650.47,02:03.2,0.492,0.0492,0.3064555,0.3065047,0.9229602
30654.04,02:21.0,30658.02,02:47.4,0.398,0.0398,0.3065404,0.3065802,0.9231206
30661.47,03:31.8,30664.93,04:02.5,0.346,0.0346,0.3066147,0.3066493,0.923264
30643.76,10:33.0,30649.99,11:17.4,0.623,0.0623,0.3064376,0.3064999,0.9229375
30648.48,15:35.6,30652.48,16:11.1,0.4,0.04,0.3064848,0.3065248,0.9230096
30655.28,16:50.5,30679.52,17:52.5,2.424,0.2424,0.3065528,0.3067952,0.923348
30677.72,19:02.6,30683.75,19:42.0,0.603,0.0603,0.3067772,0.3068375,0.9236147
30672.62,21:01.4,30675.78,22:11.7,0.316,0.0316,0.3067262,0.3067578,0.923484
30676.67,22:16.4,30684.16,22:55.8,0.749,0.0749,0.3067667,0.3068416,0.9236083
30675.62,24:58.3,30677.91,26:22.0,0.229,0.0229,0.3067562,0.3067791,0.9235353
30681.65,26:26.3,30684.99,26:52.2,0.334,0.0334,0.3068165,0.3068499,0.9236664
30684.68,28:02.1,30688,28:59.0,0.332,0.0332,0.3068468,0.30688,0.9237268
30689.58,29:08.2,30712.61,29:47.1,2.303,0.2303,0.3068958,0.3071261,0.9240219
30669.34,33:57.8,30684.64,35:33.8,1.53,0.153,0.3066934,0.3068464,0.9235398
30689.72,35:47.4,30718.86,36:44.1,2.914,0.2914,0.3068972,0.3071886,0.9240858
30717.48,38:11.5,30718,38:50.4,0.052,0.0052,0.3071748,0.30718,0.9243548
30720.33,39:03.9,30746.16,40:00.1,2.583,0.2583,0.3072033,0.3074616,0.9246649
30749.41,40:09.3,30756.46,40:26.4,0.705,0.0705,0.3074941,0.3075646,0.9250587
30726.08,43:37.1,30729.3,44:38.7,0.322,0.0322,0.3072608,0.307293,0.9245538
30716,46:05.6,30718.49,46:49.5,0.249,0.0249,0.30716,0.3071849,0.9243449
30715.96,47:28.9,30715.97,48:17.3,0.001,0.0001,0.3071596,0.3071597,0.9243193
30690.01,50:32.4,30693.25,50:37.1,0.324,0.0324,0.3069001,0.3069325,0.9238326
30661.06,55:13.6,30663.17,56:05.9,0.211,0.0211,0.3066106,0.3066317,0.9232423
30658.99,57:33.6,30663.74,58:25.9,0.475,0.0475,0.3065899,0.3066374,0.9232273
30664.12,59:22.8,30666.9,00:02.3,0.278,0.0278,0.3066412,0.306669,0.9233102
30654.41,03:23.5,30668.67,04:55.4,1.426,0.1426,0.3065441,0.3066867,0.9232308
30664.98,05:56.4,30670.42,06:53.5,0.544,0.0544,0.3066498,0.3067042,0.923354
30671.56,07:37.4,30679.04,08:17.1,0.748,0.0748,0.3067156,0.3067904,0.923506
30680.82,08:56.1,30685.12,09:26.9,0.43,0.043,0.3068082,0.3068512,0.9236594
30678.31,11:38.5,30685.93,12:43.9,0.762,0.0762,0.3067831,0.3068593,0.9236424
30688.91,13:19.1,30689.78,13:49.5,0.087,0.0087,0.3068891,0.3068978,0.9237869
30679.96,15:38.6,30684.13,16:53.5,0.417,0.0417,0.3067996,0.3068413,0.9236409
30692.46,17:14.7,30692.59,17:32.3,0.013,0.0013,0.3069246,0.3069259,0.9238505
30628.61,21:38.5,30630.37,21:42.5,0.176,0.0176,0.3062861,0.3063037,0.9225898
30617.71,23:06.1,30623.75,24:19.8,0.604,0.0604,0.3061771,0.3062375,0.9224146
30625.99,24:42.1,30628.5,25:03.6,0.251,0.0251,0.3062599,0.306285,0.9225449
30623.78,27:14.9,30625.9,28:07.0,0.212,0.0212,0.3062378,0.306259,0.9224968
30623.68,29:56.5,30629.55,31:10.6,0.587,0.0587,0.3062368,0.3062955,0.9225323
30631.65,31:32.5,30633.26,31:54.7,0.161,0.0161,0.3063165,0.3063326,0.9226491
30612.56,33:04.8,30617.79,34:01.9,0.523,0.0523,0.3061256,0.3061779,0.9223035
30617.88,35:51.4,30646.52,37:41.5,2.864,0.2864,0.3061788,0.3064652,0.922644
30649.91,38:20.7,30657.54,38:51.1,0.763,0.0763,0.3064991,0.3065754,0.9230745
30633.08,41:15.4,30633.56,42:16.4,0.048,0.0048,0.3063308,0.3063356,0.9226664
30630.98,42:51.2,30635.96,43:57.8,0.498,0.0498,0.3063098,0.3063596,0.9226694
30633.01,44:50.5,30640,45:52.4,0.699,0.0699,0.3063301,0.3064,0.9227301
30641.46,46:05.3,30647.25,46:32.0,0.579,0.0579,0.3064146,0.3064725,0.9228871
30643.78,47:33.6,30643.98,48:26.5,0.02,0.002,0.3064378,0.3064398,0.9228776
30641.25,49:23.5,30641.99,50:25.0,0.074,0.0074,0.3064125,0.3064199,0.9228324
30631.99,55:04.3,30637.54,56:41.6,0.555,0.0555,0.3063199,0.3063754,0.9226953
30639.25,56:50.2,30639.83,57:07.6,0.058,0.0058,0.3063925,0.3063983,0.9227908
30643.76,00:11.8,30647.43,00:42.4,0.367,0.0367,0.3064376,0.3064743,0.9229119
30638.92,03:19.7,30648.06,05:09.3,0.914,0.0914,0.3063892,0.3064806,0.9228698
30647.39,06:32.3,30649.35,07:33.4,0.196,0.0196,0.3064739,0.3064935,0.9229674
30656.71,09:10.0,30658.25,09:35.9,0.154,0.0154,0.3065671,0.3065825,0.9231496
30661.21,10:59.2,30661.97,11:08.2,0.076,0.0076,0.3066121,0.3066197,0.9232318
30665.12,11:56.0,30666.3,12:36.7,0.118,0.0118,0.3066512,0.306663,0.9233142
30664.02,13:38.3,30666.76,14:26.3,0.274,0.0274,0.3066402,0.3066676,0.9233078
30667.22,14:30.6,30667.61,14:52.5,0.039,0.0039,0.3066722,0.3066761,0.9233483
30661.01,18:23.3,30663.5,20:09.3,0.249,0.0249,0.3066101,0.306635,0.9232451
30658.58,23:17.8,30659.98,24:05.9,0.14,0.014,0.3065858,0.3065998,0.9231856
30655.84,27:00.8,30659.63,28:06.3,0.379,0.0379,0.3065584,0.3065963,0.9231547
30661.15,28:45.6,30662.79,29:11.9,0.164,0.0164,0.3066115,0.3066279,0.9232394
30638.34,35:37.6,30644.93,36:16.6,0.659,0.0659,0.3063834,0.3064493,0.9228327
30649.45,36:38.4,30652.84,37:00.2,0.339,0.0339,0.3064945,0.3065284,0.9230229
30643.58,38:05.6,30645.57,39:16.0,0.199,0.0199,0.3064358,0.3064557,0.9228915
30646.47,39:24.8,30649.97,40:12.6,0.35,0.035,0.3064647,0.3064997,0.9229644
30643.41,42:24.1,30645.98,46:08.0,0.257,0.0257,0.3064341,0.3064598,0.9228939
30619.82,55:21.5,30621.38,56:01.6,0.156,0.0156,0.3061982,0.3062138,0.922412
30605.68,57:32.9,30606.9,58:51.7,0.122,0.0122,0.3060568,0.306069,0.9221258
30608.42,59:13.4,30609.61,00:10.3,0.119,0.0119,0.3060842,0.3060961,0.9221803
30611.64,00:55.1,30615.54,01:25.3,0.39,0.039,0.3061164,0.3061554,0.9222718
30607.26,03:14.7,30608.32,03:54.9,0.106,0.0106,0.3060726,0.3060832,0.9221558
30583.31,05:04.8,30618.6,07:03.4,3.529,0.3529,0.3058331,0.306186,0.9220191
30615.89,10:16.6,30627.19,11:00.3,1.13,0.113,0.3061589,0.3062719,0.9224308
30617.9,13:16.2,30618.47,15:40.6,0.057,0.0057,0.306179,0.3061847,0.9223637
30618.84,16:15.5,30624.79,17:03.2,0.595,0.0595,0.3061884,0.3062479,0.9224363
30617.03,19:37.7,30624.11,21:00.8,0.708,0.0708,0.3061703,0.3062411,0.9224114
30622,22:50.6,30623.78,24:09.0,0.178,0.0178,0.30622,0.3062378,0.9224578
30611.36,29:38.7,30624.97,30:48.9,1.361,0.1361,0.3061136,0.3062497,0.9223633
30626.97,32:13.3,30628.58,32:39.4,0.161,0.0161,0.3062697,0.3062858,0.9225555
30625.75,33:45.5,30628.01,35:13.1,0.226,0.0226,0.3062575,0.3062801,0.9225376
30631.24,35:30.1,30638.01,36:27.0,0.677,0.0677,0.3063124,0.3063801,0.9226925
30642.05,37:28.3,30648.52,38:07.5,0.647,0.0647,0.3064205,0.3064852,0.9229057
30646.51,40:23.2,30649.39,41:07.2,0.288,0.0288,0.3064651,0.3064939,0.922959
30646.74,45:25.7,30648.72,46:09.8,0.198,0.0198,0.3064674,0.3064872,0.9229546
30649.33,46:14.1,30651.48,46:44.3,0.215,0.0215,0.3064933,0.3065148,0.9230081
30645.4,47:54.5,30652.33,49:26.2,0.693,0.0693,0.306454,0.3065233,0.9229773
30655.07,49:52.5,30657.46,50:18.8,0.239,0.0239,0.3065507,0.3065746,0.9231253
30659.24,51:19.9,30660.09,51:55.3,0.085,0.0085,0.3065924,0.3066009,0.9231933
30661.91,52:17.0,30665.84,52:38.7,0.393,0.0393,0.3066191,0.3066584,0.9232775
30633.99,00:40.9,30647.9,02:38.9,1.391,0.1391,0.3063399,0.306479,0.9228189
30652.44,03:54.0,30653.97,04:29.1,0.153,0.0153,0.3065244,0.3065397,0.9230641
30650.2,06:00.8,30651.3,10:18.7,0.11,0.011,0.306502,0.306513,0.923015
30650.09,11:55.0,30662.76,13:00.9,1.267,0.1267,0.3065009,0.3066276,0.9231285
30666.75,15:17.7,30671,15:52.8,0.425,0.0425,0.3066675,0.30671,0.9233775
30643.71,19:41.2,30652.31,21:25.6,0.86,0.086,0.3064371,0.3065231,0.9229602
30657.57,23:02.4,30665.94,23:50.0,0.837,0.0837,0.3065757,0.3066594,0.9232351
30676.48,24:47.2,30676.72,25:04.7,0.024,0.0024,0.3067648,0.3067672,0.923532
30651.91,29:22.4,30657.79,30:47.4,0.588,0.0588,0.3065191,0.3065779,0.923097
30644.48,31:39.8,30648.78,32:53.8,0.43,0.043,0.3064448,0.3064878,0.9229326
30643.42,34:28.6,30646.48,35:03.3,0.306,0.0306,0.3064342,0.3064648,0.922899
30653.12,35:43.0,30660.81,36:21.9,0.769,0.0769,0.3065312,0.3066081,0.9231393
30635.97,43:01.9,30643.63,44:51.1,0.766,0.0766,0.3063597,0.3064363,0.922796
30640.33,46:14.3,30641.54,47:11.7,0.121,0.0121,0.3064033,0.3064154,0.9228187
30639.54,48:08.7,30641.1,49:10.4,0.156,0.0156,0.3063954,0.306411,0.9228064
30623.92,53:03.2,30640.17,53:42.8,1.625,0.1625,0.3062392,0.3064017,0.9226409
30623.45,57:03.5,30638.06,57:43.0,1.461,0.1461,0.3062345,0.3063806,0.9226151
30643.51,58:09.0,30646.56,58:48.4,0.305,0.0305,0.3064351,0.3064656,0.9229007
30618.47,03:45.6,30619.94,06:10.2,0.147,0.0147,0.3061847,0.3061994,0.9223841
30588,09:53.1,30590,10:41.4,0.2,0.02,0.30588,0.3059,0.92178
30585.1,13:01.6,30589.98,14:06.9,0.488,0.0488,0.305851,0.3058998,0.9217508
30595.51,14:28.8,30609.1,15:07.9,1.359,0.1359,0.3059551,0.306091,0.9220461
30586.69,16:57.5,30604.64,18:07.4,1.795,0.1795,0.3058669,0.3060464,0.9219133
30581.53,19:52.2,30602.14,21:11.0,2.061,0.2061,0.3058153,0.3060214,0.9218367
30584.95,22:12.5,30596.56,23:00.4,1.161,0.1161,0.3058495,0.3059656,0.9218151
30607.8,24:19.2,30616.97,24:58.8,0.917,0.0917,0.306078,0.3061697,0.9222477
30590.62,28:21.8,30596,29:32.3,0.538,0.0538,0.3059062,0.30596,0.9218662
30597.61,30:37.6,30597.68,31:08.4,0.007,0.0007,0.3059761,0.3059768,0.9219529
30582.91,32:09.5,30599.77,33:12.2,1.686,0.1686,0.3058291,0.3059977,0.9218268
30601.75,34:26.2,30616.71,35:01.3,1.496,0.1496,0.3060175,0.3061671,0.9221846
30620.19,36:37.8,30628.69,37:26.1,0.85,0.085,0.3062019,0.3062869,0.9224888
30625.78,38:09.7,30626.34,38:53.2,0.056,0.0056,0.3062578,0.3062634,0.9225212
30631.24,39:19.7,30631.77,39:50.6,0.053,0.0053,0.3063124,0.3063177,0.9226301
30629.4,42:40.7,30637.15,43:28.8,0.775,0.0775,0.306294,0.3063715,0.9226655
30635.18,45:18.3,30641.97,46:42.1,0.679,0.0679,0.3063518,0.3064197,0.9227715
30614.3,51:33.2,30626.14,52:17.0,1.184,0.1184,0.306143,0.3062614,0.9224044
30629.14,52:21.5,30629.76,52:34.4,0.062,0.0062,0.3062914,0.3062976,0.922589
30624.68,54:02.3,30632.48,55:25.6,0.78,0.078,0.3062468,0.3063248,0.9225716
30631.21,57:05.8,30635.71,58:05.7,0.45,0.045,0.3063121,0.3063571,0.9226692
30638.42,58:31.6,30649.47,59:06.4,1.105,0.1105,0.3063842,0.3064947,0.9228789
30655.36,00:07.8,30657.14,00:34.2,0.178,0.0178,0.3065536,0.3065714,0.923125
30659.8,01:00.3,30670.57,01:48.3,1.077,0.1077,0.306598,0.3067057,0.9233037
30660.04,03:50.6,30664.97,04:52.0,0.493,0.0493,0.3066004,0.3066497,0.9232501
30643.79,07:55.5,30651.94,08:52.1,0.815,0.0815,0.3064379,0.3065194,0.9229573
30647.18,10:38.0,30653.55,11:57.2,0.637,0.0637,0.3064718,0.3065355,0.9230073
30638.6,16:07.1,30639.15,18:13.9,0.055,0.0055,0.306386,0.3063915,0.9227775
30632.53,20:34.3,30638.77,22:10.3,0.624,0.0624,0.3063253,0.3063877,0.922713
30639.63,22:14.7,30639.87,22:36.7,0.024,0.0024,0.3063963,0.3063987,0.922795
30638.74,23:42.2,30641.75,24:26.0,0.301,0.0301,0.3063874,0.3064175,0.9228049
30628.63,27:25.3,30636.88,28:39.9,0.825,0.0825,0.3062863,0.3063688,0.9226551
30625.21,31:26.1,30634.9,32:05.5,0.969,0.0969,0.3062521,0.306349,0.9226011
30620.76,33:06.5,30632.24,34:51.5,1.148,0.1148,0.3062076,0.3063224,0.92253
30633.85,35:26.5,30635.98,36:10.4,0.213,0.0213,0.3063385,0.3063598,0.9226983
30624.14,39:00.4,30629.76,40:01.8,0.562,0.0562,0.3062414,0.3062976,0.922539
30633.9,40:10.5,30641.73,40:41.0,0.783,0.0783,0.306339,0.3064173,0.9227563
30642.67,42:08.5,30644.97,42:34.7,0.23,0.023,0.3064267,0.3064497,0.9228764
30647.72,44:10.8,30649.17,44:41.5,0.145,0.0145,0.3064772,0.3064917,0.9229689
30650.81,45:33.8,30667.73,46:26.4,1.692,0.1692,0.3065081,0.3066773,0.9231854
30671.11,46:39.5,30686.35,47:05.5,1.524,0.1524,0.3067111,0.3068635,0.9235746
30683.08,49:47.2,30687.87,50:39.8,0.479,0.0479,0.3068308,0.3068787,0.9237095
30657.91,52:12.6,30658.01,52:13.1,0.01,0.001,0.3065791,0.3065801,0.9231592
30636.69,55:42.0,30646,56:56.3,0.931,0.0931,0.3063669,0.30646,0.9228269
30647.07,57:05.1,30647.29,57:32.0,0.022,0.0022,0.3064707,0.3064729,0.9229436
30643.02,59:29.8,30654.15,00:26.6,1.113,0.1113,0.3064302,0.3065415,0.9229717
30664.65,00:39.5,30666.48,01:19.0,0.183,0.0183,0.3066465,0.3066648,0.9233113
30663.25,02:03.0,30672.8,02:42.5,0.955,0.0955,0.3066325,0.306728,0.9233605
30675.41,02:46.9,30683.8,03:26.0,0.839,0.0839,0.3067541,0.306838,0.9235921
30679.91,06:12.9,30696.01,07:54.2,1.61,0.161,0.3067991,0.3069601,0.9237592
30696.9,08:20.1,30698,08:59.4,0.11,0.011,0.306969,0.30698,0.923949
30696.75,10:00.4,30701.3,10:35.6,0.455,0.0455,0.3069675,0.307013,0.9239805
30676.41,12:59.7,30679.65,14:27.1,0.324,0.0324,0.3067641,0.3067965,0.9235606
30675.28,16:03.0,30680.93,16:42.4,0.565,0.0565,0.3067528,0.3068093,0.9235621
30684,17:07.1,30701.08,17:59.0,1.708,0.1708,0.30684,0.3070108,0.9238508
30676.94,20:14.7,30682.35,21:51.2,0.541,0.0541,0.3067694,0.3068235,0.9235929
30682.84,22:38.9,30689.3,23:27.1,0.646,0.0646,0.3068284,0.306893,0.9237214
30690.91,24:02.1,30691.75,24:15.4,0.084,0.0084,0.3069091,0.3069175,0.9238266
30693.68,24:58.8,30699.14,25:38.1,0.546,0.0546,0.3069368,0.3069914,0.9239282
30684.09,26:56.7,30690.01,28:06.9,0.592,0.0592,0.3068409,0.3069001,0.923741
30661.39,30:35.7,30677.56,31:19.0,1.617,0.1617,0.3066139,0.3067756,0.9233895
30678.97,32:11.8,30699.52,33:21.7,2.055,0.2055,0.3067897,0.3069952,0.9237849
30702.05,33:47.9,30710,34:10.2,0.795,0.0795,0.3070205,0.3071,0.9241205
30708.04,35:29.0,30709.97,35:59.7,0.193,0.0193,0.3070804,0.3070997,0.9241801
30684.38,37:14.2,30694.13,38:06.1,0.975,0.0975,0.3068438,0.3069413,0.9237851
30700.55,40:56.9,30727.97,41:27.5,2.742,0.2742,0.3070055,0.3072797,0.9242852
30750,44:22.1,30751.15,44:52.7,0.115,0.0115,0.3075,0.3075115,0.9250115
30712.01,47:03.7,30721.99,49:03.1,0.998,0.0998,0.3071201,0.3072199,0.92434
30711.92,52:30.1,30721.04,53:13.7,0.912,0.0912,0.3071192,0.3072104,0.9243296
30724.07,54:15.4,30729.61,54:50.0,0.554,0.0554,0.3072407,0.3072961,0.9245368
30715.65,56:13.2,30715.75,56:52.5,0.01,0.001,0.3071565,0.3071575,0.924314
30716.57,57:01.1,30718.45,58:03.0,0.188,0.0188,0.3071657,0.3071845,0.9243502
30719.2,58:46.7,30720.58,59:08.4,0.138,0.0138,0.307192,0.3072058,0.9243978
30723.57,59:30.4,30743.36,00:27.3,1.979,0.1979,0.3072357,0.3074336,0.9246693
30745.05,01:20.0,30833.4,02:16.6,8.835,0.8835,0.3074505,0.308334,0.9257845
30861.8,03:52.8,30864.55,04:01.8,0.275,0.0275,0.308618,0.3086455,0.9272635
30886,04:41.0,30893.78,05:07.1,0.778,0.0778,0.30886,0.3089378,0.9277978
30932.48,07:15.2,30935.44,07:15.7,0.296,0.0296,0.3093248,0.3093544,0.9286792
30894.24,12:37.5,30898.09,13:07.9,0.385,0.0385,0.3089424,0.3089809,0.9279233
30907,13:34.4,30909.53,14:00.7,0.253,0.0253,0.30907,0.3090953,0.9281653
30911.84,14:09.2,30919.9,14:40.0,0.806,0.0806,0.3091184,0.309199,0.9283174
30914.42,15:19.5,30920.44,16:03.0,0.602,0.0602,0.3091442,0.3092044,0.9283486
30853.71,20:08.1,30866.74,20:47.5,1.303,0.1303,0.3085371,0.3086674,0.9272045
30878.87,21:13.5,30879.11,21:40.5,0.024,0.0024,0.3087887,0.3087911,0.9275798
30877.51,23:25.3,30899.97,24:39.7,2.246,0.2246,0.3087751,0.3089997,0.9277748
30902.37,25:01.5,30928.85,25:41.0,2.648,0.2648,0.3090237,0.3092885,0.9283122
30917.98,27:13.0,30930,28:41.2,1.202,0.1202,0.3091798,0.3093,0.9284798
30931.36,29:19.6,30958.28,30:29.7,2.692,0.2692,0.3093136,0.3095828,0.9288964
30976.08,30:38.8,30983.22,31:18.2,0.714,0.0714,0.3097608,0.3098322,0.929593
31010.94,33:47.3,31041.69,34:25.9,3.075,0.3075,0.3101094,0.3104169,0.9305263
30980.01,39:34.1,31002.93,40:40.4,2.292,0.2292,0.3098001,0.3100293,0.9298294
31014.26,41:02.1,31016,41:28.6,0.174,0.0174,0.3101426,0.31016,0.9303026
31029.42,42:16.8,31032.1,42:43.2,0.268,0.0268,0.3102942,0.310321,0.9306152
31046.01,43:00.6,31058,43:31.0,1.199,0.1199,0.3104601,0.31058,0.9310401
31096.6,48:59.9,31130,49:30.6,3.34,0.334,0.310966,0.3113,0.932266
31041.61,54:14.3,31050,54:54.1,0.839,0.0839,0.3104161,0.3105,0.9309161
31047.71,55:24.2,31083.84,56:39.0,3.613,0.3613,0.3104771,0.3108384,0.9313155
31034.91,58:23.7,31047.07,59:08.0,1.216,0.1216,0.3103491,0.3104707,0.9308198
31053.51,59:16.4,31061.36,59:42.7,0.785,0.0785,0.3105351,0.3106136,0.9311487
31073.66,00:04.8,31076.96,00:30.8,0.33,0.033,0.3107366,0.3107696,0.9315062
31060.01,01:05.8,31091.58,02:12.5,3.157,0.3157,0.3106001,0.3109158,0.9315159
31127.76,02:39.7,31190.67,02:40.2,6.291,0.6291,0.3112776,0.3119067,0.9331843
30977.99,06:48.1,30981.47,06:52.1,0.348,0.0348,0.3097799,0.3098147,0.9295946
30957.25,10:17.8,30975.88,11:06.3,1.863,0.1863,0.3095725,0.3097588,0.9293313
30966.71,13:05.2,30967.98,13:05.7,0.127,0.0127,0.3096671,0.3096798,0.9293469
30958.3,15:19.5,30966.6,15:54.3,0.83,0.083,0.309583,0.309666,0.929249
30974.73,16:16.7,30999.96,17:00.5,2.523,0.2523,0.3097473,0.3099996,0.9297469
31024.45,17:17.9,31036.69,17:18.3,1.224,0.1224,0.3102445,0.3103669,0.9306114
31025.07,17:20.4,31029.99,17:21.0,0.492,0.0492,0.3102507,0.3102999,0.9305506
31006.86,22:10.2,31011.58,23:08.4,0.472,0.0472,0.3100686,0.3101158,0.9301844
30997.46,24:05.2,30998.09,24:40.4,0.063,0.0063,0.3099746,0.3099809,0.9299555
30999.78,24:58.0,31013.54,26:07.8,1.376,0.1376,0.3099978,0.3101354,0.9301332
31019.02,26:12.1,31020,26:38.3,0.098,0.0098,0.3101902,0.3102,0.9303902
30975.01,28:31.7,31004.59,29:33.1,2.958,0.2958,0.3097501,0.3100459,0.929796
31010.5,30:17.1,31014.99,30:43.4,0.449,0.0449,0.310105,0.3101499,0.9302549
31021.9,31:48.7,31038,32:33.5,1.61,0.161,0.310219,0.31038,0.930599
30941.28,37:14.2,30941.93,37:31.4,0.065,0.0065,0.3094128,0.3094193,0.9288321
30951.13,38:41.5,30954.16,39:07.1,0.303,0.0303,0.3095113,0.3095416,0.9290529
30944.89,40:03.9,30962.59,40:52.5,1.77,0.177,0.3094489,0.3096259,0.9290748
30972,43:03.7,30976,43:43.1,0.4,0.04,0.30972,0.30976,0.92948
30972.01,44:45.2,30976.56,45:41.8,0.455,0.0455,0.3097201,0.3097656,0.9294857
30974.02,47:18.1,30985.23,47:57.3,1.121,0.1121,0.3097402,0.3098523,0.9295925
30985.01,49:07.7,30997.81,49:42.5,1.28,0.128,0.3098501,0.3099781,0.9298282
30997.42,51:51.3,31022.35,52:34.5,2.493,0.2493,0.3099742,0.3102235,0.9301977
31019.83,55:53.4,31020.8,56:23.9,0.097,0.0097,0.3101983,0.310208,0.9304063
31007.98,57:55.6,31042.13,58:52.2,3.415,0.3415,0.3100798,0.3104213,0.9305011
30951.33,06:40.5,30971.82,07:55.2,2.049,0.2049,0.3095133,0.3097182,0.9292315
30975.69,08:23.4,30978.35,08:51.8,0.266,0.0266,0.3097569,0.3097835,0.9295404
30978.37,09:44.1,30979.61,10:19.0,0.124,0.0124,0.3097837,0.3097961,0.9295798
30930.15,14:37.5,30950,16:00.4,1.985,0.1985,0.3093015,0.3095,0.9288015
30916.28,17:01.2,30920.32,18:17.2,0.404,0.0404,0.3091628,0.3092032,0.928366
30925.5,19:00.0,30980.99,20:37.3,5.549,0.5549,0.309255,0.3098099,0.9290649
30924,21:42.8,30962.94,22:39.6,3.894,0.3894,0.30924,0.3096294,0.9288694
30966.78,23:14.4,30968.01,23:31.9,0.123,0.0123,0.3096678,0.3096801,0.9293479
30966.83,25:12.6,30971.96,25:52.2,0.513,0.0513,0.3096683,0.3097196,0.9293879
30975.78,26:09.4,30980.94,26:44.3,0.516,0.0516,0.3097578,0.3098094,0.9295672
30983.79,27:28.2,30994,27:58.9,1.021,0.1021,0.3098379,0.30994,0.9297779
30999.89,28:29.4,31004.72,28:51.3,0.483,0.0483,0.3099989,0.3100472,0.9300461
30979.82,33:48.7,30982.31,34:32.6,0.249,0.0249,0.3097982,0.3098231,0.9296213
30983.27,35:12.0,30992.9,35:42.5,0.963,0.0963,0.3098327,0.309929,0.9297617
31001.43,36:17.8,31031.05,36:56.9,2.962,0.2962,0.3100143,0.3103105,0.9303248
31039.51,38:24.3,31043.97,38:50.5,0.446,0.0446,0.3103951,0.3104397,0.9308348
31037.84,40:00.5,31042.31,40:26.8,0.447,0.0447,0.3103784,0.3104231,0.9308015
31014.98,42:33.8,31017,43:48.1,0.202,0.0202,0.3101498,0.31017,0.9303198
30999.27,47:45.6,31026.82,48:38.2,2.755,0.2755,0.3099927,0.3102682,0.9302609
31020.1,51:29.0,31029.76,52:21.0,0.966,0.0966,0.310201,0.3102976,0.9304986
31000.21,58:46.6,31003.77,59:47.5,0.356,0.0356,0.3100021,0.3100377,0.9300398
31005.25,00:53.0,31005.88,02:11.6,0.063,0.0063,0.3100525,0.3100588,0.9301113
31007.25,02:46.6,31011.47,03:56.8,0.422,0.0422,0.3100725,0.3101147,0.9301872
31006.61,05:46.1,31025.37,08:32.4,1.876,0.1876,0.3100661,0.3102537,0.9303198
31020,09:59.9,31042.62,15:02.5,2.262,0.2262,0.3102,0.3104262,0.9306262
31049.21,15:24.3,31051.18,15:37.2,0.197,0.0197,0.3104921,0.3105118,0.9310039
31024.15,21:06.1,31033.91,21:59.5,0.976,0.0976,0.3102415,0.3103391,0.9305806
30997.81,28:56.6,31017.8,31:03.8,1.999,0.1999,0.3099781,0.310178,0.9301561
31013.78,31:39.1,31019.53,32:26.8,0.575,0.0575,0.3101378,0.3101953,0.9303331
31000.01,35:09.9,31013.24,37:12.6,1.323,0.1323,0.3100001,0.3101324,0.9301325
31015.14,38:39.4,31019.69,39:14.5,0.455,0.0455,0.3101514,0.3101969,0.9303483
31022.23,40:24.5,31045,41:36.4,2.277,0.2277,0.3102223,0.31045,0.9306723
31045.12,42:28.9,31058.05,43:29.8,1.293,0.1293,0.3104512,0.3105805,0.9310317
31076.01,43:53.0,31077.53,44:18.9,0.152,0.0152,0.3107601,0.3107753,0.9315354
31085.49,44:58.1,31119.86,45:32.9,3.437,0.3437,0.3108549,0.3111986,0.9320535
31075.27,48:07.4,31077.74,48:38.3,0.247,0.0247,0.3107527,0.3107774,0.9315301
31083.55,49:26.0,31214,50:53.1,13.045,1.3045,0.3108355,0.31214,0.9329755
31204.65,52:46.5,31207.67,53:17.3,0.302,0.0302,0.3120465,0.3120767,0.9341232
31147.82,55:30.3,31148.6,55:30.7,0.078,0.0078,0.3114782,0.311486,0.9329642
31155.03,55:46.6,31183.08,56:43.4,2.805,0.2805,0.3115503,0.3118308,0.9333811
31179.2,57:49.7,31205.8,58:37.9,2.66,0.266,0.311792,0.312058,0.93385
31214,00:18.4,31238.26,01:02.2,2.426,0.2426,0.31214,0.3123826,0.9345226
31236.06,01:41.4,31247.24,02:07.5,1.118,0.1118,0.3123606,0.3124724,0.934833
31244,02:51.2,31251.85,03:21.9,0.785,0.0785,0.31244,0.3125185,0.9349585
31164.58,08:06.0,31173.91,08:50.1,0.933,0.0933,0.3116458,0.3117391,0.9333849
31142.19,09:33.8,31161.64,10:26.1,1.945,0.1945,0.3114219,0.3116164,0.9330383
31141.6,15:27.8,31154.64,16:11.2,1.304,0.1304,0.311416,0.3115464,0.9329624
31157.28,18:13.8,31176.66,18:40.3,1.938,0.1938,0.3115728,0.3117666,0.9333394
31184,19:32.7,31189.19,20:07.8,0.519,0.0519,0.31184,0.3118919,0.9337319
31046.28,41:32.2,31078.66,42:07.5,3.238,0.3238,0.3104628,0.3107866,0.9312494
31086.18,43:04.4,31087.59,43:04.9,0.141,0.0141,0.3108618,0.3108759,0.9317377
31026.92,51:06.9,31040.6,52:43.3,1.368,0.1368,0.3102692,0.310406,0.9306752
31046.65,53:05.2,31047.75,53:22.6,0.11,0.011,0.3104665,0.3104775,0.930944
31051.17,54:02.0,31052.46,54:23.9,0.129,0.0129,0.3105117,0.3105246,0.9310363
31047.74,00:48.9,31048.12,01:46.3,0.038,0.0038,0.3104774,0.3104812,0.9309586
31054.88,01:55.5,31072,02:43.0,1.712,0.1712,0.3105488,0.31072,0.9312688
31077.84,04:15.1,31085.08,04:54.8,0.724,0.0724,0.3107784,0.3108508,0.9316292
31132.08,55:50.7,31139.02,57:10.2,0.0694,0.0694,0.3113208,0.3113902,0.932711
31129.24,00:15.1,31133.98,00:54.8,0.0474,0.0474,0.3112924,0.3113398,0.9326322
31122.04,05:49.8,31124.06,06:55.7,0.0202,0.0202,0.3112204,0.3112406,0.932461
31119.45,08:27.6,31131.71,09:29.1,0.1226,0.1226,0.3111945,0.3113171,0.9325116
31123.32,36:04.2,31132.11,36:43.8,0.0879,0.0879,0.3112332,0.3113211,0.9325543
31124.79,39:56.9,31132.53,41:55.2,0.0774,0.0774,0.3112479,0.3113253,0.9325732
31128.07,43:04.9,31132.62,45:03.4,0.0455,0.0455,0.3112807,0.3113262,0.9326069
31125.96,46:26.4,31131.66,48:29.4,0.057,0.057,0.3112596,0.3113166,0.9325762
31119.1,23:50.9,31123.12,25:15.7,0.0402,0.0402,0.311191,0.3112312,0.9324222
31124.58,26:08.1,31127,26:56.0,0.0242,0.0242,0.3112458,0.31127,0.9325158
31129.95,27:04.8,31132.02,27:36.6,0.0207,0.0207,0.3112995,0.3113202,0.9326197
31139.76,29:13.1,31142.22,29:47.7,0.0246,0.0246,0.3113976,0.3114222,0.9328198
31126.14,34:43.2,31141.44,35:53.2,0.153,0.153,0.3112614,0.3114144,0.9326758
31137.7,37:52.1,31141.78,38:31.2,0.0408,0.0408,0.311377,0.3114178,0.9327948
31144.24,42:17.4,31156.98,43:49.4,0.1274,0.1274,0.3114424,0.3115698,0.9330122
31159.18,44:37.7,31160,44:55.3,0.0082,0.0082,0.3115918,0.3116,0.9331918
31163.12,44:59.4,31181.14,45:30.1,0.1802,0.1802,0.3116312,0.3118114,0.9334426
31159.78,47:23.8,31162,48:34.2,0.0222,0.0222,0.3115978,0.31162,0.9332178
31143.17,49:57.6,31153.5,51:29.5,0.1033,0.1033,0.3114317,0.311535,0.9329667
31122.92,54:46.5,31124.62,56:35.9,0.017,0.017,0.3112292,0.3112462,0.9324754
31099.67,57:58.8,31113.33,59:13.3,0.1366,0.1366,0.3109967,0.3111333,0.93213
31111.62,00:45.2,31112.35,01:11.2,0.0073,0.0073,0.3111162,0.3111235,0.9322397
31113.62,01:46.4,31119.87,02:26.2,0.0625,0.0625,0.3111362,0.3111987,0.9323349
31119.45,03:18.5,31125.76,04:10.8,0.0631,0.0631,0.3111945,0.3112576,0.9324521
31118.66,06:10.8,31122.24,07:07.7,0.0358,0.0358,0.3111866,0.3112224,0.932409
31124.13,08:26.6,31125.75,09:15.9,0.0162,0.0162,0.3112413,0.3112575,0.9324988
31127.81,13:10.4,31129.65,13:44.8,0.0184,0.0184,0.3112781,0.3112965,0.9325746
31111.98,18:23.4,31112.05,19:16.5,0.0007,0.0007,0.3111198,0.3111205,0.9322403
31116.34,19:35.1,31151.61,20:09.3,0.3527,0.3527,0.3111634,0.3115161,0.9326795
31149.46,24:18.8,31170.48,26:17.6,0.2102,0.2102,0.3114946,0.3117048,0.9331994
31186.25,27:46.2,31190.99,28:12.6,0.0474,0.0474,0.3118625,0.3119099,0.9337724
31200.01,29:09.9,31210.22,29:49.1,0.1021,0.1021,0.3120001,0.3121022,0.9341023
31190.09,30:54.9,31201.43,31:42.7,0.1134,0.1134,0.3119009,0.3120143,0.9339152
31200.6,32:57.6,31210.79,33:28.5,0.1019,0.1019,0.312006,0.3121079,0.9341139
31161.99,35:53.4,31223.36,37:11.9,0.6137,0.6137,0.3116199,0.3122336,0.9338535
31241.58,38:04.1,31251.38,38:30.3,0.098,0.098,0.3124158,0.3125138,0.9349296
31053.95,43:13.6,31054.26,43:53.4,0.0031,0.0031,0.3105395,0.3105426,0.9310821
31036,46:40.0,31037.97,47:33.3,0.0197,0.0197,0.31036,0.3103797,0.9307397
31023.37,48:51.8,31068,50:02.9,0.4463,0.4463,0.3102337,0.31068,0.9309137
31052.02,50:51.3,31053.15,51:21.9,0.0113,0.0113,0.3105202,0.3105315,0.9310517
31014.67,52:40.5,31017.58,53:24.3,0.0291,0.0291,0.3101467,0.3101758,0.9303225
31013.24,53:46.0,31028.23,54:30.0,0.1499,0.1499,0.3101324,0.3102823,0.9304147
31035.99,54:47.5,31039.12,55:13.5,0.0313,0.0313,0.3103599,0.3103912,0.9307511
31058.55,58:12.8,31061.92,58:43.7,0.0337,0.0337,0.3105855,0.3106192,0.9312047
31058.42,00:29.0,31058.69,01:03.5,0.0027,0.0027,0.3105842,0.3105869,0.9311711
31067.88,03:41.7,31088.15,04:46.9,0.2027,0.2027,0.3106788,0.3108815,0.9315603
31030.11,08:26.1,31032.4,09:18.5,0.0229,0.0229,0.3103011,0.310324,0.9306251
31037.52,09:36.3,31041.26,10:19.8,0.0374,0.0374,0.3103752,0.3104126,0.9307878
31045.99,10:24.3,31065.24,11:08.1,0.1925,0.1925,0.3104599,0.3106524,0.9311123
31066.27,13:41.4,31071,14:59.6,0.0473,0.0473,0.3106627,0.31071,0.9313727
31081.58,15:39.0,31082.45,16:15.2,0.0087,0.0087,0.3108158,0.3108245,0.9316403
31072.78,20:00.5,31078.13,21:24.5,0.0535,0.0535,0.3107278,0.3107813,0.9315091
31047.81,34:43.6,31065.99,35:44.8,0.1818,0.1818,0.3104781,0.3106599,0.931138
31053.83,37:38.5,31054.99,40:00.4,0.0116,0.0116,0.3105383,0.3105499,0.9310882
31055.24,41:11.3,31058,41:59.3,0.0276,0.0276,0.3105524,0.31058,0.9311324
30998,46:39.8,31000,47:14.8,0.02,0.02,0.30998,0.31,0.92998
31003.1,47:19.1,31012.81,48:20.3,0.0971,0.0971,0.310031,0.3101281,0.9301591
31013.1,49:08.6,31014.77,49:49.5,0.0167,0.0167,0.310131,0.3101477,0.9302787
31010.05,51:30.3,31029.12,52:31.5,0.1907,0.1907,0.3101005,0.3102912,0.9303917
30907.23,05:21.5,30907.99,05:22.0,0.0076,0.0076,0.3090723,0.3090799,0.9281522
30905.31,09:46.4,30962.64,10:29.7,0.5733,0.5733,0.3090531,0.3096264,0.9286795
30979.41,12:32.6,30986.47,13:07.4,0.0706,0.0706,0.3097941,0.3098647,0.9296588
30992.33,13:20.3,31002.52,13:46.5,0.1019,0.1019,0.3099233,0.3100252,0.9299485
31001.59,14:43.6,31010.44,15:23.0,0.0885,0.0885,0.3100159,0.3101044,0.9301203
31016.13,16:41.4,31020,17:07.6,0.0387,0.0387,0.3101613,0.3102,0.9303613
31006.44,18:08.9,31019.96,19:51.1,0.1352,0.1352,0.3100644,0.3101996,0.930264
31014.88,22:24.0,31023.98,23:12.0,0.091,0.091,0.3101488,0.3102398,0.9303886
31027.36,25:11.2,31032,25:41.9,0.0464,0.0464,0.3102736,0.31032,0.9305936
31033.35,25:46.2,31033.77,25:55.0,0.0042,0.0042,0.3103335,0.3103377,0.9306712
31036.47,26:38.4,31037.67,27:00.8,0.012,0.012,0.3103647,0.3103767,0.9307414
31039.44,27:09.1,31048.65,27:57.1,0.0921,0.0921,0.3103944,0.3104865,0.9308809
31051.25,28:10.4,31052.82,28:23.8,0.0157,0.0157,0.3105125,0.3105282,0.9310407
31025.01,31:14.6,31028.89,32:24.6,0.0388,0.0388,0.3102501,0.3102889,0.930539
31045.75,2023-07-04 10:53:39.069562,31045.99,2023-07-04 10:54:27.542060,0.0012000000000080035
31022.99,2023-07-04 10:59:16.133978,31024.31,2023-07-04 11:00:30.761894,0.0065999999999985445
31011.39,2023-07-04 11:05:41.801381,31013.34,2023-07-04 11:09:20.737197,0.009750000000003638
31000.75,2023-07-04 11:15:59.793164,31009.96,2023-07-04 11:18:28.943141,0.046049999999995636
31002.91,2023-07-04 11:19:26.818115,31004.4,2023-07-04 11:21:51.767200,0.007450000000008004
31006.59,2023-07-04 11:22:13.236629,31009.89,2023-07-04 11:22:57.108260,0.01649999999999636
31012.56,2023-07-04 11:23:05.734475,31021.95,2023-07-04 11:23:53.828785,0.04694999999999709
31018.66,2023-07-04 11:25:52.061845,31036.55,2023-07-04 11:27:10.869461,0.08944999999999709
31052.32,2023-07-04 11:30:24.077036,31053.39,2023-07-04 11:30:45.755102,0.005349999999998545
31038.16,2023-07-04 11:31:42.720807,31065.62,2023-07-04 11:33:14.317397,0.13729999999999565
31030.58,2023-07-04 11:38:07.386379,31032.96,2023-07-04 11:38:38.002916,0.011899999999986904
31035.99,2023-07-04 11:38:55.162834,31042.68,2023-07-04 11:39:39.707425,0.03344999999999345
31031.98,2023-07-04 11:40:32.116259,31040.84,2023-07-04 11:42:25.702923,0.04430000000000291
31020.03,2023-07-04 11:44:06.028869,31021.9,2023-07-04 11:45:47.073434,0.009350000000013096
31022.56,2023-07-04 11:46:30.855445,31025.36,2023-07-04 11:47:11.031006,0.013999999999996363
31026.41,2023-07-04 11:48:33.875565,31033.32,2023-07-04 11:49:17.585090,0.034549999999999276
31029.69,2023-07-04 11:50:44.991927,31031.6,2023-07-04 11:51:32.827629,0.009549999999999273
31055.15,2023-07-04 11:57:27.041239,31075.24,2023-07-04 11:58:19.881042,0.10045000000000073
31031.87,2023-07-04 12:03:25.543822,31034.12,2023-07-04 12:04:04.786286,0.01125
31016.39,2023-07-04 12:05:03.008722,31036.77,2023-07-04 12:05:59.221652,0.1019000000000051
31045.17,2023-07-04 12:07:09.490032,31046.32,2023-07-04 12:07:44.340513,0.005750000000007276
31028.0,2023-07-04 12:11:59.135613,31032.26,2023-07-04 12:13:31.753191,0.021299999999991995
31016.28,2023-07-04 12:17:15.970976,31067.83,2023-07-04 12:19:35.927447,0.2577500000000146
31055.93,2023-07-04 12:22:57.596552,31056.18,2023-07-04 12:23:41.464385,0.00125
31062.3,2023-07-04 12:23:58.947744,31062.58,2023-07-04 12:24:29.449235,0.0014000000000123692
31045.28,2023-07-04 12:30:24.867501,31045.81,2023-07-04 12:31:12.796057,0.002650000000012369
31047.72,2023-07-04 12:31:43.515642,31054.3,2023-07-04 12:32:22.839440,0.03289999999999054
31035.95,2023-07-04 12:35:48.229694,31043.01,2023-07-04 12:36:45.942928,0.03529999999998836
31042.95,2023-07-04 12:38:04.894780,31043.3,2023-07-04 12:38:39.400215,0.0017499999999927242
31042.07,2023-07-04 12:40:50.562986,31044.35,2023-07-04 12:42:09.384613,0.011399999999994179
31025.08,2023-07-04 12:46:31.524855,31026.51,2023-07-04 12:48:07.695038,0.007149999999983265
31026.27,2023-07-04 12:48:38.017031,31029.91,2023-07-04 12:49:52.455141,0.01819999999999709
31031.14,2023-07-04 12:50:44.909430,31034.01,2023-07-04 12:51:32.705963,0.014349999999994907
31037.16,2023-07-04 12:52:08.017733,31038.42,2023-07-04 12:52:34.780553,0.006299999999991997
31043.58,2023-07-04 12:53:18.416893,31049.49,2023-07-04 12:53:58.444740,0.02954999999999927
31052.63,2023-07-04 12:54:46.238379,31053.26,2023-07-04 12:55:03.878914,0.0031499999999869033
31044.98,2023-07-04 12:58:47.188723,31048.21,2023-07-04 13:01:16.541374,0.01614999999999782
31050.26,2023-07-04 13:01:25.757112,31051.41,2023-07-04 13:01:47.301471,0.005750000000007276
31026.09,2023-07-04 13:07:54.834978,31030.29,2023-07-04 13:08:42.973318,0.021000000000003637
31002.5,2023-07-04 13:14:41.971668,31011.59,2023-07-04 13:15:34.102181,0.045450000000000726
30999.48,2023-07-04 13:16:44.834741,31030.83,2023-07-04 13:18:12.286851,0.1567500000000109
31029.49,2023-07-04 13:19:21.953621,31036.5,2023-07-04 13:20:05.732257,0.035049999999992
31027.22,2023-07-04 13:23:42.526975,31030.12,2023-07-04 13:26:11.885077,0.014499999999989086
31031.99,2023-07-04 13:29:02.475733,31035.38,2023-07-04 13:29:45.958905,0.01694999999999709
31014.01,2023-07-04 13:31:40.293703,31031.25,2023-07-04 13:32:28.523827,0.086200000000008
31033.46,2023-07-04 13:33:47.204996,31040.1,2023-07-04 13:34:26.537882,0.03319999999999709
31042.28,2023-07-04 13:34:30.845095,31043.71,2023-07-04 13:34:52.563010,0.0071500000000014555
31023.27,2023-07-04 13:37:56.366475,31040.0,2023-07-04 13:39:58.949875,0.08364999999999782
31046.68,2023-07-04 13:40:20.753236,31050.62,2023-07-04 13:40:46.837216,0.019699999999993452
31050.88,2023-07-04 13:42:01.221662,31051.63,2023-07-04 13:42:53.651409,0.00375
31053.26,2023-07-04 13:43:28.637371,31054.97,2023-07-04 13:43:54.929559,0.008550000000013824
31006.9,2023-07-04 13:52:30.571098,31007.99,2023-07-04 13:52:31.037150,0.005450000000000728
30979.05,2023-07-04 13:53:35.244928,30979.74,2023-07-04 13:53:39.793566,0.0034500000000116417
30984.73,2023-07-04 13:53:52.661986,30998.03,2023-07-04 13:55:11.494682,0.06649999999999637
30769.59,2023-07-04 22:43:29.661089,30775.17,2023-07-04 22:44:44.359047,0.027899999999990543
30777.7,2023-07-04 22:48:23.100757,30789.9,2023-07-04 22:49:42.386202,0.06100000000000364
30792.01,2023-07-04 22:53:44.922681,30795.46,2023-07-04 22:54:28.576999,0.017250000000003637
30797.28,2023-07-04 22:56:06.481716,30819.31,2023-07-04 22:58:10.189155,0.11015000000001238
30819.32,2023-07-04 23:00:38.955837,30819.81,2023-07-04 23:01:09.584144,0.0024500000000080035
30824.39,2023-07-04 23:01:53.338629,30828.12,2023-07-04 23:02:33.108605,0.018649999999997818
30825.6,2023-07-04 23:03:33.854032,30827.5,2023-07-04 23:04:20.391088,0.009500000000007277
30828.12,2023-07-04 23:06:51.216629,30834.9,2023-07-04 23:07:21.901352,0.03390000000001237
30836.18,2023-07-04 23:08:14.411849,30842.24,2023-07-04 23:09:02.406554,0.030300000000006547
30779.05,2023-07-04 23:19:37.739419,30790.53,2023-07-04 23:22:34.083141,0.05739999999999782
30794.25,2023-07-04 23:24:36.001457,30796.76,2023-07-04 23:25:11.564482,0.012549999999991996
30797.51,2023-07-04 23:26:48.226986,30806.67,2023-07-04 23:27:40.835242,0.04579999999999927
30809.41,2023-07-04 23:31:53.829115,30809.88,2023-07-04 23:32:38.386141,0.002350000000005821
30807.52,2023-07-04 23:35:19.050143,30812.9,2023-07-04 23:37:23.600468,0.026900000000005093
30800.76,2023-07-04 23:42:22.432435,30803.89,2023-07-04 23:46:18.118940,0.015650000000005094
30779.03,2023-07-04 23:51:35.647456,30783.99,2023-07-04 23:53:48.421354,0.024800000000013825
30764.01,2023-07-04 23:56:12.379762,30766.4,2023-07-04 23:59:20.901862,0.01195000000001528
30764.36,2023-07-05 00:00:48.292839,30783.94,2023-07-05 00:02:55.467993,0.09789999999999055
30785.82,2023-07-05 00:03:04.073559,30791.53,2023-07-05 00:03:21.636566,0.028549999999995634
30792.52,2023-07-05 00:05:28.875022,30803.01,2023-07-05 00:06:34.905691,0.05244999999998982
30805.92,2023-07-05 00:09:59.719395,30806.59,2023-07-05 00:10:30.581466,0.0033500000000094587
30789.24,2023-07-05 00:11:40.221066,30796.29,2023-07-05 00:13:51.843324,0.03524999999999636
30360.99,2023-07-05 13:56:43.829640,30362.19,2023-07-05 13:57:13.248152,0.005999999999985448
30357.69,2023-07-05 14:00:31.904755,30359.44,2023-07-05 14:01:03.771887,0.00875
30364.87,2023-07-05 14:01:27.189586,30366.48,2023-07-05 14:01:44.493133,0.00805000000000291
30368.27,2023-07-05 14:01:48.660106,30369.12,2023-07-05 14:01:57.352091,0.004249999999992724
30370.83,2023-07-05 14:02:13.326718,30372.51,2023-07-05 14:02:25.918397,0.008399999999983266
30375.0,2023-07-05 14:02:30.439763,30380.57,2023-07-05 14:02:56.817671,0.027849999999998546
30384.59,2023-07-05 14:03:09.789624,30409.21,2023-07-05 14:03:49.416025,0.12309999999999491
30405.57,2023-07-05 14:04:30.313885,30406.3,2023-07-05 14:05:08.628949,0.0036499999999978173
30372.25,2023-07-05 14:07:17.611176,30380.44,2023-07-05 14:07:56.599783,0.04094999999999345
30334.02,2023-07-05 14:11:51.800280,30339.28,2023-07-05 14:12:47.918800,0.026299999999991996
30337.44,2023-07-05 14:13:17.244,30344.36,2023-07-05 14:14:34.537256,0.034600000000009457
30346.24,2023-07-05 14:15:09.169855,30357.37,2023-07-05 14:15:35.505855,0.055649999999986904
30359.72,2023-07-05 14:16:15.199153,30376.12,2023-07-05 14:17:02.845511,0.08199999999998908
30378.9,2023-07-05 14:17:12.850405,30394.55,2023-07-05 14:17:43.808790,0.07824999999998909
30418.21,2023-07-05 14:18:35.291355,30429.33,2023-07-05 14:19:10.591935,0.0556000000000131
30384.24,2023-07-05 14:22:25.682270,30395.93,2023-07-05 14:23:04.997623,0.05844999999999345
30405.71,2023-07-05 14:23:21.954024,30409.99,2023-07-05 14:23:52.473634,0.02140000000001237
30385.21,2023-07-05 14:25:43.863695,30390.51,2023-07-05 14:26:35.424304,0.026499999999996363
30387.83,2023-07-05 14:27:53.047920,30388.31,2023-07-05 14:28:52.982805,0.002399999999997817
30392.87,2023-07-05 14:29:08.933671,30401.93,2023-07-05 14:29:48.485749,0.04530000000000655
30403.52,2023-07-05 14:30:27.891879,30406.92,2023-07-05 14:30:58.505326,0.016999999999989086
30412.64,2023-07-05 14:31:44.226085,30421.06,2023-07-05 14:32:08.467240,0.042100000000009456
30432.24,2023-07-05 14:32:56.294544,30435.92,2023-07-05 14:33:13.594641,0.018399999999983267
