trade_id,orden_id,client_order_id,cantidad,cantidad_ejecutada,accion,tiempo,precio,comision,activo_comision
593185761,4951576498,zJaX0A9xAIWEb38hLC6h1L,0.00020000,0.00020000,BUY,2024-04-13 00:27:00.831,67136.44,0.00000000,BNB
593198170,4951671334,bCqEJA3pQnHJomYTQIoevl,0.00020000,0.00020000,SELL,2024-04-13 00:34:00.945,67138.06,0.00000000,BNB
593199834,4951684968,ujao2ASqtGVkkdwi4SQjsi,0.00020000,0.00020000,BUY,2024-04-13 00:35:00.070,67157.79,0.00000000,BNB
593200868,4951694418,HNQfYa0QPAPtt40NXmPZ1o,0.00020000,0.00020000,SELL,2024-04-13 00:36:00.410,67151.71,0.00000000,BNB
593202781,4951711234,4YwqySyiHwsPhHDJ3liOm5,0.00020000,0.00020000,BUY,2024-04-13 00:37:00.991,67152.94,0.00000000,BNB
593204650,4951727660,AH0oiVDANJsS7iLb9Et5ED,0.00020000,0.00020000,SELL,2024-04-13 00:38:00.241,67226.0,0.00000000,BNB
593206632,4951744534,QbHKRxdWJz2uCe684N9adP,0.00020000,0.00020000,BUY,2024-04-13 00:39:00.371,67203.62,0.00000000,BNB
593207975,4951757059,TWq4liNsnzStWB3wpJEp8s,0.00020000,0.00020000,SELL,2024-04-13 00:40:00.286,67160.91,0.00000000,BNB
593209506,4951769250,EsYbYDkGceuUuXVj9jGG8M,0.00020000,0.00020000,BUY,2024-04-13 00:41:00.380,67204.76,0.00000000,BNB
593211141,4951781689,auMhoADhkMprVo7nSirB2m,0.00020000,0.00020000,SELL,2024-04-13 00:42:00.378,67188.9,0.00000000,BNB
593213155,4951796530,eeQlvKOmonCGH28qdDKf4F,0.00020000,0.00020000,BUY,2024-04-13 00:43:00.299,67241.53,0.00000000,BNB
593214349,4951808565,cj7IWb2IrQ0m5F8ahNeWyL,0.00020000,0.00020000,SELL,2024-04-13 00:44:00.077,67214.22,0.00000000,BNB
593215784,4951820623,O2eN6vsPfMBhJbVU4ZNdyI,0.00020000,0.00020000,BUY,2024-04-13 00:45:00.453,67236.54,0.00000000,BNB
593217944,4951837184,mmdCIqvcPJnd19yVr4kfIM,0.00020000,0.00020000,SELL,2024-04-13 00:46:00.362,67238.25,0.00000000,BNB
593219181,4951847771,R66NU4PxOsHrGnxRv4DZCS,0.00020000,0.00020000,BUY,2024-04-13 00:47:00.093,67249.63,0.00000000,BNB
593220959,4951861777,qpR6DrlwDpRMKwmfFCCjF8,0.00020000,0.00020000,SELL,2024-04-13 00:48:00.603,67180.01,0.00000000,BNB
593223014,4951874529,oGJLzXTO3WatPO20VQdfF9,0.00020000,0.00020000,BUY,2024-04-13 00:49:00.451,67124.22,0.00000000,BNB
593224025,4951884258,mqYSXJtPMkBNqdaPYMeG3W,0.00020000,0.00020000,SELL,2024-04-13 00:50:00.450,67134.28,0.00000000,BNB
593225015,4951894339,W500ikiKf9qYuzAkXyV0in,0.00020000,0.00020000,BUY,2024-04-13 00:51:00.107,67149.97,0.00000000,BNB
593226938,4951909716,Ty2DxzlXdcXCv4A3gSRjQr,0.00020000,0.00020000,SELL,2024-04-13 00:52:00.492,67162.02,0.00000000,BNB
593229322,4951924722,AadvuTemXL2hvq5O2W3J33,0.00020000,0.00020000,BUY,2024-04-13 00:53:00.353,67183.6,0.00000000,BNB
593231348,4951938452,4H5vo3oIGBkYGbdbcJADWb,0.00020000,0.00020000,SELL,2024-04-13 00:54:00.250,67155.34,0.00000000,BNB
593233261,4951953392,Fa1tCOjN9KRbUTjTIXbs8f,0.00020000,0.00020000,BUY,2024-04-13 00:55:00.501,67180.15,0.00000000,BNB
593235203,4951966437,szLTKuCET2OAe7nbbwwSzM,0.00020000,0.00020000,SELL,2024-04-13 00:56:00.443,67177.84,0.00000000,BNB
593236985,4951982473,hW6Vs5ZLOUJkl6qjhYrwYg,0.00020000,0.00020000,BUY,2024-04-13 00:57:00.233,67186.64,0.00000000,BNB
593240151,4952000116,JKuGV6QPxpmTHKNISDpVj1,0.00020000,0.00020000,SELL,2024-04-13 00:58:00.339,67263.08,0.00000000,BNB
593242748,4952018186,PpeHIFHRQYHVKWxBR2ZaQN,0.00020000,0.00020000,BUY,2024-04-13 00:59:00.758,67287.19,0.00000000,BNB
593244480,4952031151,JezAGjPFkhAMH4S1IlGPEv,0.00020000,0.00020000,SELL,2024-04-13 01:00:00.334,67278.58,0.00000000,BNB
593249413,4952058352,M6OvFrTn02HHMPz2KnRURu,0.00020000,0.00020000,BUY,2024-04-13 01:01:00.306,67339.45,0.00000000,BNB
593252112,4952077393,eb1LF6dMSa8h1i7nbWwbFK,0.00020000,0.00020000,SELL,2024-04-13 01:02:00.182,67331.33,0.00000000,BNB
593255964,4952099480,vE4fCnawVq7lYoTUKywdWm,0.00020000,0.00020000,BUY,2024-04-13 01:03:00.330,67314.14,0.00000000,BNB
593258994,4952120096,7Zk1Y4lOz9sS7IPd7oNld0,0.00020000,0.00020000,SELL,2024-04-13 01:04:00.309,67260.86,0.00000000,BNB
593261802,4952138555,6C2yO0IgUJbOUn9pXkNBHy,0.00020000,0.00020000,BUY,2024-04-13 01:05:00.388,67290.95,0.00000000,BNB
593263874,4952151979,pwyeX1xEuK1wQrom5W7fJA,0.00020000,0.00020000,SELL,2024-04-13 01:06:00.321,67292.8,0.00000000,BNB
593267143,4952171463,i35nJAMOVqYVkkF0ILiOJL,0.00020000,0.00020000,BUY,2024-04-13 01:07:00.292,67304.0,0.00000000,BNB
593269849,4952187724,Xj2ghs6ynsuEkP2Fumuta5,0.00020000,0.00020000,SELL,2024-04-13 01:08:00.106,67333.08,0.00000000,BNB
593272068,4952203003,fK1Up5vqF7qjwOR5m6E8G8,0.00020000,0.00020000,BUY,2024-04-13 01:09:00.282,67302.1,0.00000000,BNB
593273833,4952215639,HFwhaM2qb0h5KFp6gH5Gz3,0.00020000,0.00020000,SELL,2024-04-13 01:10:00.074,67307.13,0.00000000,BNB
593276219,4952232697,PQRalaVUIvZwTmEDl1zHcF,0.00020000,0.00020000,BUY,2024-04-13 01:11:00.420,67281.24,0.00000000,BNB
593277884,4952244459,fLEjs2IjpuGSQZEVqwPqOx,0.00020000,0.00020000,SELL,2024-04-13 01:12:01.076,67260.19,0.00000000,BNB
593280003,4952258174,kHxBpd5IOXGxMMjckAzZUW,0.00020000,0.00020000,BUY,2024-04-13 01:13:00.150,67225.88,0.00000000,BNB
593282576,4952273445,mGMcPkMdgHEnrZgSMQeVpY,0.00020000,0.00020000,SELL,2024-04-13 01:14:00.358,67200.49,0.00000000,BNB
593285582,4952289567,gaYatD6uljETNOVmacMNV1,0.00020000,0.00020000,BUY,2024-04-13 01:15:00.253,67181.43,0.00000000,BNB
593288784,4952308914,ZdzqXn4KQnBwKH0tMlPdBI,0.00020000,0.00020000,SELL,2024-04-13 01:16:00.371,67090.22,0.00000000,BNB
593295277,4952342575,DN4FA0m4EJdWbLCJrcajIt,0.00020000,0.00020000,BUY,2024-04-13 01:17:00.265,67043.28,0.00000000,BNB
593297898,4952361449,kus3NRZCiTa4Lt6ddp2Qq2,0.00020000,0.00020000,SELL,2024-04-13 01:18:00.251,67076.79,0.00000000,BNB
593301655,4952386741,mCfuUejc5a4jWwE6RKohcg,0.00020000,0.00020000,BUY,2024-04-13 01:19:00.379,67026.82,0.00000000,BNB
593306916,4952421661,x1SKkbLxpqmUNLGMyGJ9iR,0.00020000,0.00020000,SELL,2024-04-13 01:20:00.182,66980.83,0.00000000,BNB
593311037,4952452481,y2wkshjytGmwvaJbnM0O4q,0.00020000,0.00020000,BUY,2024-04-13 01:21:00.100,67024.9,0.00000000,BNB
593314676,4952475905,ZvuPTyBohrmSWqRRthHuSl,0.00020000,0.00020000,SELL,2024-04-13 01:22:00.302,67014.28,0.00000000,BNB
593317002,4952491910,wwnj2H5E38sfnQ800zpAcx,0.00020000,0.00020000,BUY,2024-04-13 01:23:00.546,67022.27,0.00000000,BNB
593319641,4952510607,4sZks71NntXVRha5J5sfCI,0.00020000,0.00020000,SELL,2024-04-13 01:24:00.106,67073.47,0.00000000,BNB
593322584,4952528396,Out4UxShmkEfkhMheEdvWa,0.00020000,0.00020000,BUY,2024-04-13 01:25:00.223,67069.4,0.00000000,BNB
593324773,4952544898,63kvO2WRANIasTEpmTXDde,0.00020000,0.00020000,SELL,2024-04-13 01:26:00.332,67079.78,0.00000000,BNB
593327708,4952564402,IuSIGbPDEFvJHWOkjq5ZOm,0.00020000,0.00020000,BUY,2024-04-13 01:27:00.240,67062.28,0.00000000,BNB
593330433,4952581249,fe5MGM26UQHp7L2Byusyoo,0.00020000,0.00020000,SELL,2024-04-13 01:28:00.472,67090.59,0.00000000,BNB
593333603,4952599799,mLWobLknXmRj0vEJT5Tqnt,0.00020000,0.00020000,BUY,2024-04-13 01:29:00.320,67124.73,0.00000000,BNB
593335964,4952615638,2Q0A44zi0SU0mgHkfxcobn,0.00020000,0.00020000,SELL,2024-04-13 01:30:00.456,67148.94,0.00000000,BNB
593339208,4952635646,iK4uwlLnCKRkrBWiJoGk1Q,0.00020000,0.00020000,BUY,2024-04-13 01:31:00.463,67091.62,0.00000000,BNB
593341703,4952653442,xYPv29OBKJXWcDWh7PnZyr,0.00020000,0.00020000,SELL,2024-04-13 01:32:00.146,67135.32,0.00000000,BNB
593344644,4952671301,gzwldaZdRPoNqAOWpNV6hh,0.00020000,0.00020000,BUY,2024-04-13 01:33:00.483,67121.06,0.00000000,BNB
593347297,4952687599,PSAKicG5kWPnjceWaHWp5u,0.00020000,0.00020000,SELL,2024-04-13 01:34:00.381,67166.48,0.00000000,BNB
593351115,4952708340,vBLMmmTsC0K227osSqDcTG,0.00020000,0.00020000,BUY,2024-04-13 01:35:00.470,67218.83,0.00000000,BNB
593355147,4952730434,zvvUMCuCEZWWNVrmprv1Ly,0.00020000,0.00020000,SELL,2024-04-13 01:36:00.698,67239.87,0.00000000,BNB
593358871,4952752756,ULWkqOnyByr8YIvGvZljwy,0.00020000,0.00020000,BUY,2024-04-13 01:37:00.220,67309.26,0.00000000,BNB
593362314,4952777329,QIWUfMdD1jfdgYiaUqCSUA,0.00020000,0.00020000,SELL,2024-04-13 01:38:00.150,67271.68,0.00000000,BNB
593364644,4952792195,fmaz5thPuj8dg34bmz9fT1,0.00020000,0.00020000,BUY,2024-04-13 01:39:00.477,67275.2,0.00000000,BNB
593367263,4952808710,XXtRF3gk69ioKXfWpLRr9w,0.00020000,0.00020000,SELL,2024-04-13 01:40:00.102,67228.7,0.00000000,BNB
593370339,4952826762,0OdUawTiXVlQ8r0Q74uPjJ,0.00020000,0.00020000,BUY,2024-04-13 01:41:00.260,67265.48,0.00000000,BNB
593373816,4952846548,VRu840DO7rMTfnYtg5IpHO,0.00020000,0.00020000,SELL,2024-04-13 01:42:00.131,67266.56,0.00000000,BNB
593379616,4952869364,2lLKaSp68M9cZzdWYpl1nL,0.00020000,0.00020000,BUY,2024-04-13 01:43:00.371,67265.62,0.00000000,BNB
593382544,4952887825,J936rIqSEPqqBlHZIycePl,0.00020000,0.00020000,SELL,2024-04-13 01:44:00.234,67216.03,0.00000000,BNB
593385780,4952908792,nLsJibhp3ugi6YnEgaHngl,0.00020000,0.00020000,BUY,2024-04-13 01:45:00.361,67243.99,0.00000000,BNB
593388671,4952927699,eg4JmcdJiaiVjD1hGCmHx4,0.00020000,0.00020000,SELL,2024-04-13 01:46:00.774,67221.47,0.00000000,BNB
593391967,4952949978,cvvugcIN5rOQbhef8y2Sq5,0.00020000,0.00020000,BUY,2024-04-13 01:47:00.316,67281.9,0.00000000,BNB
593395280,4952970296,vTNU5l9m4Eyfxct8p8vahb,0.00020000,0.00020000,SELL,2024-04-13 01:48:00.437,67238.76,0.00000000,BNB
593399003,4952993665,6SnA8CMswwDqOL5mLKbbo5,0.00020000,0.00020000,BUY,2024-04-13 01:49:00.389,67194.65,0.00000000,BNB
593404070,4953016624,7ZJnF5gYiwxIwj6mlgry5X,0.00020000,0.00020000,SELL,2024-04-13 01:50:00.140,67228.99,0.00000000,BNB
593407575,4953038486,W0bUwY15k4TuoTvfh0zq44,0.00020000,0.00020000,BUY,2024-04-13 01:51:00.291,67190.96,0.00000000,BNB
593409800,4953055148,LwwFnaTjAT4lKVcSP10ZSl,0.00020000,0.00020000,SELL,2024-04-13 01:52:00.235,67232.85,0.00000000,BNB
593412729,4953074778,6DMsVMe36bQnoAFfxdUyK4,0.00020000,0.00020000,BUY,2024-04-13 01:53:00.352,67196.0,0.00000000,BNB
593415409,4953091721,OqYWnRVr6Cl1z18uzhf3tL,0.00020000,0.00020000,SELL,2024-04-13 01:54:00.289,67188.66,0.00000000,BNB
593417651,4953107790,X3Dry7hbytqt4nuIs9nplT,0.00020000,0.00020000,BUY,2024-04-13 01:55:00.236,67156.23,0.00000000,BNB
593419650,4953120613,Yl64NPEVjqo3Oo1KtjiYNf,0.00020000,0.00020000,SELL,2024-04-13 01:56:00.332,67198.44,0.00000000,BNB
593422494,4953138149,3edAGcVc64QXm3vGTK8W37,0.00020000,0.00020000,BUY,2024-04-13 01:57:00.472,67219.7,0.00000000,BNB
593425292,4953157651,Q9AGzVdoL4c19fSA67StM3,0.00020000,0.00020000,SELL,2024-04-13 01:58:00.257,67192.91,0.00000000,BNB
593427832,4953173453,JnBK8XgYYdz6DgXEHQsVuv,0.00020000,0.00020000,BUY,2024-04-13 01:59:00.453,67213.57,0.00000000,BNB
593430524,4953191483,Uu9nBBVcX7Cfb9sOhr8Sly,0.00020000,0.00020000,SELL,2024-04-13 02:00:00.148,67242.47,0.00000000,BNB
593434159,4953214015,mRghgwiynyUfq0dKy3MkaW,0.00020000,0.00020000,BUY,2024-04-13 02:01:00.195,67209.85,0.00000000,BNB
593437308,4953235652,jAk4cTPnIFHCgfmouFuvmW,0.00020000,0.00020000,SELL,2024-04-13 02:02:00.307,67203.18,0.00000000,BNB
593440638,4953257417,fOCzlsEYt20ctottzLiLrI,0.00020000,0.00020000,BUY,2024-04-13 02:03:00.217,67179.98,0.00000000,BNB
593443253,4953274704,GjgCmf24xNlPIujoF57O3j,0.00020000,0.00020000,SELL,2024-04-13 02:04:00.249,67151.06,0.00000000,BNB
593446660,4953293231,dua5ub7iXemJw0cTd14kw1,0.00020000,0.00020000,BUY,2024-04-13 02:05:00.386,67109.54,0.00000000,BNB
593449762,4953313834,9BtT1kLdzL3Lpj35fgWI77,0.00020000,0.00020000,SELL,2024-04-13 02:06:00.469,67073.91,0.00000000,BNB
593453533,4953336001,TFV2NHve0smOZYcHR3UmL8,0.00020000,0.00020000,BUY,2024-04-13 02:07:00.334,67079.85,0.00000000,BNB
593455888,4953355077,fkjvG7FWmRQ9ak8G0skJok,0.00020000,0.00020000,SELL,2024-04-13 02:08:00.054,67059.87,0.00000000,BNB
593459123,4953376242,GkFApB1qlZkEl4VfTxyDlU,0.00020000,0.00020000,BUY,2024-04-13 02:09:00.238,67117.87,0.00000000,BNB
593461481,4953392258,x7XqS9ALwVWc8qrM6YV0AJ,0.00020000,0.00020000,SELL,2024-04-13 02:10:00.347,67085.38,0.00000000,BNB
593464899,4953415390,8RMAXM7jCepFdI3PQHGkhs,0.00020000,0.00020000,BUY,2024-04-13 02:11:00.467,67092.0,0.00000000,BNB
593467963,4953435917,8WhBbXAkYqCnuZ72QqSer6,0.00020000,0.00020000,SELL,2024-04-13 02:12:00.708,67029.3,0.00000000,BNB
593470544,4953451057,k336ya0XYXDus2H4qRhY3R,0.00020000,0.00020000,BUY,2024-04-13 02:13:00.333,67051.63,0.00000000,BNB
593473668,4953466994,CP6WZCe7ptpdIrrRT9l9Fg,0.00020000,0.00020000,SELL,2024-04-13 02:14:00.436,67022.15,0.00000000,BNB
593476030,4953482604,lrdNuvw1XivjK5dCznUrXe,0.00020000,0.00020000,BUY,2024-04-13 02:15:00.319,67023.96,0.00000000,BNB
593479663,4953503194,4lIb3X805fCjVVG5FEWmdU,0.00020000,0.00020000,SELL,2024-04-13 02:16:00.354,66979.45,0.00000000,BNB
593484305,4953531202,Yev2uyGhF7wrb8AeliHdKB,0.00020000,0.00020000,BUY,2024-04-13 02:17:00.103,67001.39,0.00000000,BNB
593487793,4953554968,0klZMmt3qXbA2vdxqv67ne,0.00020000,0.00020000,SELL,2024-04-13 02:18:00.211,67073.7,0.00000000,BNB
593490140,4953574296,RkFqcPyI7lGukFNw7k6lFO,0.00020000,0.00020000,BUY,2024-04-13 02:19:00.194,67087.81,0.00000000,BNB
593492200,4953593943,YJHowACIGb1Yt4dXQlYJSv,0.00020000,0.00020000,SELL,2024-04-13 02:20:00.130,67079.18,0.00000000,BNB
593494800,4953612395,bxnA2Nf10CosIacTTmcsX5,0.00020000,0.00020000,BUY,2024-04-13 02:21:00.342,67043.93,0.00000000,BNB
593497350,4953633631,ynahKbjtaFA3uDxTaREcVF,0.00020000,0.00020000,SELL,2024-04-13 02:22:00.278,67055.77,0.00000000,BNB
593499730,4953649712,38pPYWqqWxFnR80l39qTEl,0.00020000,0.00020000,BUY,2024-04-13 02:23:00.141,67067.33,0.00000000,BNB
593502236,4953666849,mDe0XLcD3gfiCyO2eFLkUJ,0.00020000,0.00020000,SELL,2024-04-13 02:24:00.621,67111.77,0.00000000,BNB
593505314,4953683390,HGcjv2dtVB3xcH16hOPvQN,0.00020000,0.00020000,BUY,2024-04-13 02:25:00.346,67100.57,0.00000000,BNB
593508468,4953700372,4nGBtO8MhOP9mC3H2cb2Q2,0.00020000,0.00020000,SELL,2024-04-13 02:26:00.183,67111.97,0.00000000,BNB
593510973,4953715128,TjChBEXBFBCx8WEaOSuAfx,0.00020000,0.00020000,BUY,2024-04-13 02:27:00.413,67135.62,0.00000000,BNB
593513159,4953728110,28pbBg87jhrTWI3iIqhNjA,0.00020000,0.00020000,SELL,2024-04-13 02:28:00.212,67141.64,0.00000000,BNB
593516827,4953748748,844aSAypx25v5IpjBhb9I8,0.00020000,0.00020000,BUY,2024-04-13 02:29:00.266,67177.34,0.00000000,BNB
593519118,4953763156,i15QsCzBMEWkO3kb5cINYp,0.00020000,0.00020000,SELL,2024-04-13 02:30:00.231,67170.74,0.00000000,BNB
593522964,4953785460,Oia9jPJqTRiRgglbstMkhH,0.00020000,0.00020000,BUY,2024-04-13 02:31:00.395,67145.0,0.00000000,BNB
593525468,4953799839,4rLkMq18WZXc0RQRg9EdkH,0.00020000,0.00020000,SELL,2024-04-13 02:32:00.298,67158.91,0.00000000,BNB
593528191,4953817040,tjJtOyImgcKYaY6L5atMA8,0.00020000,0.00020000,BUY,2024-04-13 02:33:00.265,67148.44,0.00000000,BNB
593531605,4953837178,SLxtD1QIf6ay1zhhE1Ke00,0.00020000,0.00020000,SELL,2024-04-13 02:34:00.364,67088.32,0.00000000,BNB
593533976,4953853478,tgWGZZDbSAAr7OCpxY96ba,0.00020000,0.00020000,BUY,2024-04-13 02:35:00.408,67095.04,0.00000000,BNB
593536191,4953871832,nKrS6mg9mgWZSU0CoTUfP1,0.00020000,0.00020000,SELL,2024-04-13 02:36:00.191,67069.51,0.00000000,BNB
593539370,4953892465,HRUE3YQcTKKVcG4yxnmeDj,0.00020000,0.00020000,BUY,2024-04-13 02:37:00.580,67064.49,0.00000000,BNB
593543100,4953915681,Y9DHjAl8qY0gvuHyCyHenj,0.00020000,0.00020000,SELL,2024-04-13 02:38:00.211,67110.68,0.00000000,BNB
593545299,4953927826,4WWTfx6ShOTs5J0DvvHnej,0.00020000,0.00020000,BUY,2024-04-13 02:39:00.076,67128.03,0.00000000,BNB
593547060,4953939462,HkHymuNewVt6bnS7cxa5cT,0.00020000,0.00020000,SELL,2024-04-13 02:40:00.445,67133.83,0.00000000,BNB
593551143,4953959915,GVZ3qcswPvoVvMa63J7asW,0.00020000,0.00020000,BUY,2024-04-13 02:41:00.129,67086.14,0.00000000,BNB
593553432,4953976135,8fr83ApxAuAEtUPUbBge2s,0.00020000,0.00020000,SELL,2024-04-13 02:42:00.129,67109.29,0.00000000,BNB
593555652,4953990397,ZcL5E86fWS48PcZToUgi1P,0.00020000,0.00020000,BUY,2024-04-13 02:43:00.165,67119.38,0.00000000,BNB
593558799,4954006777,ajI1IxPXhX5CLc1SSlVWaV,0.00020000,0.00020000,SELL,2024-04-13 02:44:00.378,67048.22,0.00000000,BNB
593561335,4954020449,McD4BzFioe3HkVMv38D5lA,0.00020000,0.00020000,BUY,2024-04-13 02:45:00.179,67067.36,0.00000000,BNB
593563956,4954037350,G1hNVoY7jeKDX68GFVbGJW,0.00020000,0.00020000,SELL,2024-04-13 02:46:00.071,67037.64,0.00000000,BNB
593566224,4954051387,Lp0pEfgitd6IPDuXlPBCmq,0.00020000,0.00020000,BUY,2024-04-13 02:47:00.148,67013.1,0.00000000,BNB
593569227,4954071939,qL9OvDdRR2AlhM8Yko2PIP,0.00020000,0.00020000,SELL,2024-04-13 02:48:00.348,67041.84,0.00000000,BNB
593571869,4954090556,zpMUHoi8ABn8Gt9aAkCHpF,0.00020000,0.00020000,BUY,2024-04-13 02:49:00.171,66981.81,0.00000000,BNB
593575006,4954112348,DI4V5gXdO7pHISFEMg9psZ,0.00020000,0.00020000,SELL,2024-04-13 02:50:00.281,66961.1,0.00000000,BNB
593580098,4954144199,ZRP1dUQ2tczVLTJzd1zbXb,0.00020000,0.00020000,BUY,2024-04-13 02:51:00.110,66955.68,0.00000000,BNB
593582950,4954166994,U2Pna7wLuP2np7faZWXc9L,0.00020000,0.00020000,SELL,2024-04-13 02:52:00.295,66912.74,0.00000000,BNB
593585437,4954185014,qEKdyFWrEOgyjBzfGWXlgP,0.00020000,0.00020000,BUY,2024-04-13 02:53:00.273,66932.44,0.00000000,BNB
593588102,4954203839,tP7kuIVDnYqhIteZwpo3CB,0.00020000,0.00020000,SELL,2024-04-13 02:54:00.284,66878.19,0.00000000,BNB
593591063,4954224151,8JFKVFmFQmB6MPAHdikkFW,0.00020000,0.00020000,BUY,2024-04-13 02:55:00.320,66906.21,0.00000000,BNB
593593497,4954242005,4G8W5mZItqwfteU351GmlK,0.00020000,0.00020000,SELL,2024-04-13 02:56:00.321,66925.64,0.00000000,BNB
593596351,4954259038,jLINN2AnzksJGNyShCwMWf,0.00020000,0.00020000,BUY,2024-04-13 02:57:00.449,66967.98,0.00000000,BNB
593599988,4954277763,wjNsjsFCRUw2tOSjNwep7S,0.00020000,0.00020000,SELL,2024-04-13 02:58:00.186,66957.19,0.00000000,BNB
593602957,4954292622,ofcP2HmbFzNNtOPKZ04mSI,0.00020000,0.00020000,BUY,2024-04-13 02:59:00.306,66952.07,0.00000000,BNB
593605260,4954306374,u43bvBviCjeWkrEJ5W6WVl,0.00020000,0.00020000,SELL,2024-04-13 03:00:00.647,66952.94,0.00000000,BNB
593608757,4954327780,744ca76Y3w8jwvESX7ZQVZ,0.00020000,0.00020000,BUY,2024-04-13 03:01:00.392,66920.0,0.00000000,BNB
593611490,4954347894,xUwoPczApqXyIfSGnESsPu,0.00020000,0.00020000,SELL,2024-04-13 03:02:00.086,66976.09,0.00000000,BNB
593615020,4954369327,c9ZiSQ7q7gzgXZmLeg2kWe,0.00020000,0.00020000,BUY,2024-04-13 03:03:00.364,66992.6,0.00000000,BNB
593618039,4954384621,NYSI9bnzoEK4GEVZCmqntD,0.00020000,0.00020000,SELL,2024-04-13 03:04:00.280,67029.9,0.00000000,BNB
593621076,4954398844,OJrpELyl2Z33CHhdNG3ZEN,0.00020000,0.00020000,BUY,2024-04-13 03:05:00.407,67015.16,0.00000000,BNB
593623987,4954415692,3dUvdL6PMpEInMclP7oQTr,0.00020000,0.00020000,SELL,2024-04-13 03:06:00.354,66954.34,0.00000000,BNB
593627226,4954435430,BToT7eJtvbtTMsEtRkIcjh,0.00020000,0.00020000,BUY,2024-04-13 03:07:00.403,66998.89,0.00000000,BNB
593630049,4954454064,qJnEuTJMP0F5IZszWKnksI,0.00020000,0.00020000,SELL,2024-04-13 03:08:00.380,67002.64,0.00000000,BNB
593633828,4954475253,MuiybU5wIlzJvufbIk8pMO,0.00020000,0.00020000,BUY,2024-04-13 03:09:00.190,67024.07,0.00000000,BNB
593636840,4954491894,gRvbG629hevZLwfMqIil8d,0.00020000,0.00020000,SELL,2024-04-13 03:10:00.277,66992.08,0.00000000,BNB
593640340,4954514351,FnBLDVFI7AFAMnw7pXnR4z,0.00020000,0.00020000,BUY,2024-04-13 03:11:00.159,66991.6,0.00000000,BNB
593643073,4954532023,KcXMX77HCBI8mHZIXIAdld,0.00020000,0.00020000,SELL,2024-04-13 03:12:00.616,66969.97,0.00000000,BNB
593646582,4954552536,vXDOKwUDKGByQ5xMuUrX00,0.00020000,0.00020000,BUY,2024-04-13 03:13:00.379,66964.09,0.00000000,BNB
593649577,4954571951,c6mUIUfP9Bg3g0pYGcmFF3,0.00020000,0.00020000,SELL,2024-04-13 03:14:00.339,66922.13,0.00000000,BNB
593651914,4954587403,THLB93ymEPg6aw4CJDTeYR,0.00020000,0.00020000,BUY,2024-04-13 03:15:00.098,66931.32,0.00000000,BNB
593655733,4954614936,3B7FMnOsGz3HfR9arQ2YBN,0.00020000,0.00020000,SELL,2024-04-13 03:16:00.196,66996.82,0.00000000,BNB
593658180,4954634607,AQ6eKSntLf12vDQLehSp1c,0.00020000,0.00020000,BUY,2024-04-13 03:17:00.428,67001.91,0.00000000,BNB
593660628,4954650415,WGKeTtVxQWb7Bo1IYrf3AG,0.00020000,0.00020000,SELL,2024-04-13 03:18:00.304,66999.93,0.00000000,BNB
593662766,4954665734,0Ir00aVbZdlbjdx9HM9Vgr,0.00020000,0.00020000,BUY,2024-04-13 03:19:00.162,67032.15,0.00000000,BNB
593665032,4954680771,GdSjR2h1A69aBt7FmjOgFW,0.00020000,0.00020000,SELL,2024-04-13 03:20:00.131,67043.41,0.00000000,BNB
593668085,4954700827,OQp6TCXwX7S5cFp3WDF6NF,0.00020000,0.00020000,BUY,2024-04-13 03:21:00.215,67054.02,0.00000000,BNB
593670968,4954721188,vzoABVWnF5SmJUTOUBnOeZ,0.00020000,0.00020000,SELL,2024-04-13 03:22:00.266,66979.75,0.00000000,BNB
593673960,4954741881,nbrlrqouu6qisNaM7De2bf,0.00020000,0.00020000,BUY,2024-04-13 03:23:00.376,67019.47,0.00000000,BNB
593676785,4954757945,cgJB1Pq6y35sKIDWXsiGA2,0.00020000,0.00020000,SELL,2024-04-13 03:24:00.694,67034.78,0.00000000,BNB
593679376,4954775238,DWvIJPwKCIlON3hnrOsdQ1,0.00020000,0.00020000,BUY,2024-04-13 03:25:00.283,67037.88,0.00000000,BNB
593682881,4954795962,FrUYIWVCfSObxP1sUKkt7c,0.00020000,0.00020000,SELL,2024-04-13 03:26:00.103,67018.07,0.00000000,BNB
593685510,4954816348,twIJ785ABKSdtDgIb2tcuy,0.00020000,0.00020000,BUY,2024-04-13 03:27:00.355,66989.18,0.00000000,BNB
593687937,4954834024,aW6HMSdOZnYjgjNXsH5oYE,0.00020000,0.00020000,SELL,2024-04-13 03:28:00.248,66996.04,0.00000000,BNB
593690459,4954851306,0gCP2laeY8m3wDT38BKh1l,0.00020000,0.00020000,BUY,2024-04-13 03:29:00.272,66993.28,0.00000000,BNB
593692921,4954869035,10VxLlbuQFUpiRosPpLRiz,0.00020000,0.00020000,SELL,2024-04-13 03:30:00.340,66975.19,0.00000000,BNB
593695682,4954887395,sZooCFMIbywQRMF3NNJcyh,0.00020000,0.00020000,BUY,2024-04-13 03:31:00.403,67005.23,0.00000000,BNB
593698609,4954906718,uxAcinYUiLIkSm1MqifXuG,0.00020000,0.00020000,SELL,2024-04-13 03:32:00.114,66973.87,0.00000000,BNB
593701407,4954925741,HeydnTyA6IWCSYgtLkUxVH,0.00020000,0.00020000,BUY,2024-04-13 03:33:00.067,66985.34,0.00000000,BNB
593704370,4954943674,A3HQShvQXG7gECbcBocyEE,0.00020000,0.00020000,SELL,2024-04-13 03:34:00.303,66964.79,0.00000000,BNB
593708818,4954969029,GJFCyl4mkIFmRUIwF6RRMn,0.00020000,0.00020000,BUY,2024-04-13 03:35:00.120,67103.42,0.00000000,BNB
593712782,4954997745,cpbxsEUIBJpUa2djKP3OWf,0.00020000,0.00020000,SELL,2024-04-13 03:36:00.292,67108.35,0.00000000,BNB
593716299,4955020793,c9Z9w11mlVAfEPcjT2qMsq,0.00020000,0.00020000,BUY,2024-04-13 03:37:00.197,67117.45,0.00000000,BNB
593719678,4955044607,hELGgVXvcVeaq1qPs8wx6U,0.00020000,0.00020000,SELL,2024-04-13 03:38:00.559,67069.07,0.00000000,BNB
593722476,4955064424,zR13i0ETnG0EufqJGh6svZ,0.00020000,0.00020000,BUY,2024-04-13 03:39:00.177,67064.15,0.00000000,BNB
593725083,4955081712,3oH5NJ6Nw7BY1Y0v5Us8wh,0.00020000,0.00020000,SELL,2024-04-13 03:40:00.236,67100.03,0.00000000,BNB
593727133,4955096965,C6b1MLZfGk1tvFkPQeXgi5,0.00020000,0.00020000,BUY,2024-04-13 03:41:00.353,67083.92,0.00000000,BNB
593729970,4955115882,pLSuyuoxQ6nx6GhXwsTgmF,0.00020000,0.00020000,SELL,2024-04-13 03:42:00.066,67119.14,0.00000000,BNB
593732820,4955134754,kad3px4TRYWyzo6fPGcIUz,0.00020000,0.00020000,BUY,2024-04-13 03:43:00.327,67081.59,0.00000000,BNB
593734653,4955147973,pSBgX7kgytk8vnbPkHh50V,0.00020000,0.00020000,SELL,2024-04-13 03:44:00.042,67100.86,0.00000000,BNB
593737467,4955166668,arc1SiUEql9XFqJEkO1cv2,0.00020000,0.00020000,BUY,2024-04-13 03:45:00.044,67134.59,0.00000000,BNB
593740356,4955187504,JZFBM8fwzzVjDOepqLZoUG,0.00020000,0.00020000,SELL,2024-04-13 03:46:00.089,67106.86,0.00000000,BNB
593743412,4955205202,YPu91In8A6E2a1aBQumxuf,0.00020000,0.00020000,BUY,2024-04-13 03:47:00.279,67107.8,0.00000000,BNB
593747435,4955230174,Cpf1OEqFQ3MUW3kPP1JGEN,0.00020000,0.00020000,SELL,2024-04-13 03:48:00.134,67183.89,0.00000000,BNB
593751585,4955257320,UBnpZYB5bE37ZWa5SkwFmz,0.00020000,0.00020000,BUY,2024-04-13 03:49:00.458,67213.15,0.00000000,BNB
593754361,4955275735,cr6ckQ8A3Q8C6FMIVDY3Sc,0.00020000,0.00020000,SELL,2024-04-13 03:50:00.789,67217.37,0.00000000,BNB
593757753,4955296464,dHMoSlJ7AgkXl2GKjse9x1,0.00020000,0.00020000,BUY,2024-04-13 03:51:00.827,67203.36,0.00000000,BNB
593761217,4955320264,mEhd5G0gUApePfFlu9RDLh,0.00020000,0.00020000,SELL,2024-04-13 03:52:00.137,67161.25,0.00000000,BNB
593764888,4955341882,Qwo2gxjiYUYBWsbzyNE8dA,0.00020000,0.00020000,BUY,2024-04-13 03:53:00.464,67196.74,0.00000000,BNB
593768023,4955361092,oAZnm7MyM0pM90nC47xE1M,0.00020000,0.00020000,SELL,2024-04-13 03:54:00.142,67169.66,0.00000000,BNB
593771169,4955379227,4wbesxHyHr3UR21XWEKc3W,0.00020000,0.00020000,BUY,2024-04-13 03:55:00.282,67124.0,0.00000000,BNB
593774785,4955401603,GyiHxLAd5S5hNOdL33u7xZ,0.00020000,0.00020000,SELL,2024-04-13 03:56:00.385,67149.97,0.00000000,BNB
593777498,4955417004,wWoLq9BWPNgucIez8lSDsV,0.00020000,0.00020000,BUY,2024-04-13 03:57:00.296,67143.95,0.00000000,BNB
593780237,4955432424,YPEfYmETQ4kBFClUW1RmDq,0.00020000,0.00020000,SELL,2024-04-13 03:58:00.350,67163.89,0.00000000,BNB
593782435,4955445935,7pr98R1XIsWzgLKg05IEdd,0.00020000,0.00020000,BUY,2024-04-13 03:59:00.348,67166.64,0.00000000,BNB
593784232,4955459626,HLtJp8TXNnOnFJuEeiH47W,0.00020000,0.00020000,SELL,2024-04-13 04:00:00.335,67157.0,0.00000000,BNB
593788951,4955485441,hGFCN4K1lw6xi4NtwRUZCL,0.00020000,0.00020000,BUY,2024-04-13 04:01:00.214,67137.16,0.00000000,BNB
593792783,4955508889,1M7SbPfI080BwT9fEwd4gv,0.00020000,0.00020000,SELL,2024-04-13 04:02:00.644,67185.47,0.00000000,BNB
593795595,4955527307,MbbGGNpoc4K4PVwJ41OHdl,0.00020000,0.00020000,BUY,2024-04-13 04:03:00.149,67128.65,0.00000000,BNB
593799051,4955547721,L19rWs4hCYTATd9apaoqf6,0.00020000,0.00020000,SELL,2024-04-13 04:04:00.163,67093.45,0.00000000,BNB
593801514,4955565264,DQQAMv8MsgiXgWvZKg3Z7b,0.00020000,0.00020000,BUY,2024-04-13 04:05:00.351,67109.87,0.00000000,BNB
593804194,4955582140,gSoB6sGUGMNtxaplvTOMxt,0.00020000,0.00020000,SELL,2024-04-13 04:06:00.416,67096.68,0.00000000,BNB
593807662,4955600938,8qLC4N68Qt1ntP5B1HU2E3,0.00020000,0.00020000,BUY,2024-04-13 04:07:00.362,67088.07,0.00000000,BNB
593810596,4955619323,Qj3BPrvpuslpixPsPRDXyC,0.00020000,0.00020000,SELL,2024-04-13 04:08:00.047,67080.81,0.00000000,BNB
593812975,4955632753,lvECD5vVoDc27L49DvfOil,0.00020000,0.00020000,BUY,2024-04-13 04:09:00.086,67111.05,0.00000000,BNB
593814650,4955643895,SlhP54PZvqxFJlZNfCkwwX,0.00020000,0.00020000,SELL,2024-04-13 04:10:00.321,67112.79,0.00000000,BNB
593817277,4955666448,hKnPm5n60PRZEDPDAjdzEf,0.00020000,0.00020000,BUY,2024-04-13 04:11:00.274,67153.92,0.00000000,BNB
593820958,4955688363,WCt18g7j0SidoKBslWXr8m,0.00020000,0.00020000,SELL,2024-04-13 04:12:00.388,67180.88,0.00000000,BNB
593823558,4955704522,cTqOL52ucIfZvP92VZcXT2,0.00020000,0.00020000,BUY,2024-04-13 04:13:00.300,67192.54,0.00000000,BNB
593826453,4955721098,NGLlXxEuQNrwW8HGUfi4mf,0.00020000,0.00020000,SELL,2024-04-13 04:14:00.267,67175.64,0.00000000,BNB
593829868,4955739873,I5r5FPEij5dfQnCeffnqwD,0.00020000,0.00020000,BUY,2024-04-13 04:15:00.126,67175.67,0.00000000,BNB
593833658,4955763927,8pUtrrpO4tTteYKKIM8GYV,0.00020000,0.00020000,SELL,2024-04-13 04:16:00.551,67153.57,0.00000000,BNB
593836704,4955783743,TGyze9wfSr0mXEoMBRqYI0,0.00020000,0.00020000,BUY,2024-04-13 04:17:00.250,67181.91,0.00000000,BNB
593839633,4955801343,ZBAX7iWGDGkaPybg6A4c70,0.00020000,0.00020000,SELL,2024-04-13 04:18:00.404,67200.9,0.00000000,BNB
593842528,4955819069,ynCc0DtM6k2YK2fY7SmLA3,0.00020000,0.00020000,BUY,2024-04-13 04:19:00.086,67191.52,0.00000000,BNB
593845269,4955837129,J9u1WfDSghLocudJ8iXBrD,0.00020000,0.00020000,SELL,2024-04-13 04:20:00.169,67186.3,0.00000000,BNB
593849504,4955861935,WRrOY27EGxaPlXzsEbieqF,0.00020000,0.00020000,BUY,2024-04-13 04:21:00.452,67193.86,0.00000000,BNB
593852283,4955878151,qeU8u0eb73ANPCdVdQvt3A,0.00020000,0.00020000,SELL,2024-04-13 04:22:00.188,67189.95,0.00000000,BNB
593854646,4955895471,5TurYaRLc506UmoEXCNSda,0.00020000,0.00020000,BUY,2024-04-13 04:23:00.341,67165.85,0.00000000,BNB
593857220,4955909979,6vFDiCddmLE4iEvbSmUCUW,0.00020000,0.00020000,SELL,2024-04-13 04:24:00.188,67154.54,0.00000000,BNB
593859894,4955926147,65ZRKODWoilYTqJQQ3SszK,0.00020000,0.00020000,BUY,2024-04-13 04:25:00.309,67163.03,0.00000000,BNB
593863965,4955947458,XqqTw6fuzld7px2sLgXYuA,0.00020000,0.00020000,SELL,2024-04-13 04:26:00.171,67137.53,0.00000000,BNB
593866841,4955959697,i5WenfHDIcGYOnVEsUIjQM,0.00020000,0.00020000,BUY,2024-04-13 04:27:00.230,67122.5,0.00000000,BNB
593870388,4955975255,wnytdCbVhSvrKlPv71k6UP,0.00020000,0.00020000,SELL,2024-04-13 04:28:00.346,67108.17,0.00000000,BNB
593872779,4955988122,7IUVLyeOj2KKLN0fkNJ1L1,0.00020000,0.00020000,BUY,2024-04-13 04:29:00.137,67084.4,0.00000000,BNB
593877114,4956006236,3zVuFsATWWkZav4drD0iR4,0.00020000,0.00020000,SELL,2024-04-13 04:30:00.102,67078.86,0.00000000,BNB
593882023,4956029052,nd6Y0mLfgokVf0pVeHfKk1,0.00020000,0.00020000,BUY,2024-04-13 04:31:00.364,67148.62,0.00000000,BNB
593884250,4956042665,6FeCg1NU3f2SOzoFZ4AuqX,0.00020000,0.00020000,SELL,2024-04-13 04:32:00.414,67147.86,0.00000000,BNB
593886239,4956054963,uTA5jcmbnAwN9lmETT0Ulu,0.00020000,0.00020000,BUY,2024-04-13 04:33:00.288,67156.7,0.00000000,BNB
593889167,4956071565,l5OylYrYw2Ti9BAJMgEl2X,0.00020000,0.00020000,SELL,2024-04-13 04:34:00.286,67178.85,0.00000000,BNB
593891817,4956087792,j2BrnrGlohDW6OZ1R8mM92,0.00020000,0.00020000,BUY,2024-04-13 04:35:00.291,67157.84,0.00000000,BNB
593895788,4956109256,SJ8mOKcnAioIYM5L6213tF,0.00020000,0.00020000,SELL,2024-04-13 04:36:00.274,67196.03,0.00000000,BNB
593898548,4956124903,0GWtQNp5oBypA91zrFE1KL,0.00020000,0.00020000,BUY,2024-04-13 04:37:00.301,67196.69,0.00000000,BNB
593902031,4956141672,Kaq2M6YYh0puPGSICouLcn,0.00020000,0.00020000,SELL,2024-04-13 04:38:00.147,67214.47,0.00000000,BNB
593905442,4956161261,VXAyFtQMJu0KXoUMTPYEJX,0.00020000,0.00020000,BUY,2024-04-13 04:39:00.056,67190.27,0.00000000,BNB
593908977,4956177678,z3pEDXDnOqvyprwXb44a6v,0.00020000,0.00020000,SELL,2024-04-13 04:40:00.073,67106.28,0.00000000,BNB
593912229,4956193388,dpPhySIh7zAvIIHmKaNoC4,0.00020000,0.00020000,BUY,2024-04-13 04:41:00.374,67141.12,0.00000000,BNB
593914592,4956206867,eu99jNk805NIQUO9Ju51vf,0.00020000,0.00020000,SELL,2024-04-13 04:42:00.353,67135.41,0.00000000,BNB
593917105,4956221401,svX13tDcqQcoKVpge8I2RX,0.00020000,0.00020000,BUY,2024-04-13 04:43:00.044,67114.0,0.00000000,BNB
593919012,4956233354,RiG8HkWwCnDCFURphws9vi,0.00020000,0.00020000,SELL,2024-04-13 04:44:00.313,67106.87,0.00000000,BNB
593921237,4956248014,3pX6pbv3RIg02UhWR6j8iw,0.00020000,0.00020000,BUY,2024-04-13 04:45:00.092,67119.69,0.00000000,BNB
593924355,4956266416,C31IjsV9HKAWmM8z8780xb,0.00020000,0.00020000,SELL,2024-04-13 04:46:00.177,67125.87,0.00000000,BNB
593927304,4956281777,sC9hg77mSZDrzwsISAgIoU,0.00020000,0.00020000,BUY,2024-04-13 04:47:00.255,67171.54,0.00000000,BNB
593929784,4956294464,IFI2SvWFUwibelRB5QM6xo,0.00020000,0.00020000,SELL,2024-04-13 04:48:00.125,67154.31,0.00000000,BNB
593933476,4956311897,PdxJWD4D7uZwyz3X88PBUc,0.00020000,0.00020000,BUY,2024-04-13 04:49:00.155,67172.99,0.00000000,BNB
593936724,4956328669,nXst3S2cGvvo5VXYOKH1OL,0.00020000,0.00020000,SELL,2024-04-13 04:50:00.165,67175.0,0.00000000,BNB
593939907,4956347567,rTGhjaqSK9LRrq5LyBNhTQ,0.00020000,0.00020000,BUY,2024-04-13 04:51:00.153,67163.58,0.00000000,BNB
593944401,4956368902,6eAYTBjR3XcorFcCDT7uyP,0.00020000,0.00020000,SELL,2024-04-13 04:52:00.343,67130.4,0.00000000,BNB
593948369,4956388464,mTwhY4JoWwVM5OPb3kTXSj,0.00020000,0.00020000,BUY,2024-04-13 04:53:00.316,67122.28,0.00000000,BNB
593952167,4956404803,2SbJPupOgDRHidhUFI1X0o,0.00020000,0.00020000,SELL,2024-04-13 04:54:00.099,67129.07,0.00000000,BNB
593956698,4956425906,2x5KsrweNtgUCE3h5rFarx,0.00020000,0.00020000,BUY,2024-04-13 04:55:00.265,67122.28,0.00000000,BNB
593959997,4956445076,LePFQBG6WfWw5KzB4H9PPV,0.00020000,0.00020000,SELL,2024-04-13 04:56:00.334,67123.28,0.00000000,BNB
593963619,4956465322,sLPPrIKzLVD1CTq0i3cJuj,0.00020000,0.00020000,BUY,2024-04-13 04:57:00.210,67179.82,0.00000000,BNB
593966469,4956480728,pAVlTmo1jDH4XJQdMzMD2N,0.00020000,0.00020000,SELL,2024-04-13 04:58:00.341,67168.16,0.00000000,BNB
593968877,4956496599,IwkLR1MAHKYzWFyPjlJ4QH,0.00020000,0.00020000,BUY,2024-04-13 04:59:00.143,67177.17,0.00000000,BNB
593973349,4956517855,5CEnUlfVdvJE2Ovqzpx7NP,0.00020000,0.00020000,SELL,2024-04-13 05:00:00.047,67152.25,0.00000000,BNB
593977089,4956534055,MBxfPjxqSxHJIRg8UycShn,0.00020000,0.00020000,BUY,2024-04-13 05:01:00.245,67167.9,0.00000000,BNB
593981099,4956555355,pd4LuAY6aq6gTo6X5p0EeM,0.00020000,0.00020000,SELL,2024-04-13 05:02:00.337,67170.4,0.00000000,BNB
593984924,4956574984,m5wEWaFDTeSRfCSlFHzAB6,0.00020000,0.00020000,BUY,2024-04-13 05:03:00.113,67194.85,0.00000000,BNB
593988638,4956591960,Qz0jsAnpPkkRxXNNaBYdOP,0.00020000,0.00020000,SELL,2024-04-13 05:04:00.207,67189.27,0.00000000,BNB
593990859,4956604374,vvr6QxFAoJysk5uNN2bh1d,0.00020000,0.00020000,BUY,2024-04-13 05:05:00.134,67212.03,0.00000000,BNB
593996394,4956631766,8AFF8l2KYh26COkiac8Ykl,0.00020000,0.00020000,SELL,2024-04-13 05:06:00.357,67247.08,0.00000000,BNB
594001735,4956664159,8A6xiMTIp8GPSjVcj65yHM,0.00020000,0.00020000,BUY,2024-04-13 05:07:00.315,67319.74,0.00000000,BNB
594008578,4956705269,CS8VjBwPMTDk3MoHfqSoE4,0.00020000,0.00020000,SELL,2024-04-13 05:08:00.056,67381.64,0.00000000,BNB
594014145,4956736270,mc8iR91Qr57q5v7CMr7HQc,0.00020000,0.00020000,BUY,2024-04-13 05:09:00.120,67449.61,0.00000000,BNB
594021184,4956784073,cdY0wP7MnwlIrms9sT4SIV,0.00020000,0.00020000,SELL,2024-04-13 05:10:00.292,67464.01,0.00000000,BNB
594026159,4956821053,wiy870TEFxm4QyRgUVbsp5,0.00020000,0.00020000,BUY,2024-04-13 05:11:00.393,67455.88,0.00000000,BNB
594031427,4956856698,kYpSNJzM6e09l7knHYo8VJ,0.00020000,0.00020000,SELL,2024-04-13 05:12:00.274,67362.85,0.00000000,BNB
594036375,4956886591,TSl1l5Sb8IABYEoee8Zykv,0.00020000,0.00020000,BUY,2024-04-13 05:13:00.118,67259.58,0.00000000,BNB
594042098,4956915620,mkbZL47BnHNss2kq5gF7kM,0.00020000,0.00020000,SELL,2024-04-13 05:14:00.129,67286.02,0.00000000,BNB
594046659,4956941065,oNEGEPwAOMtHhRY4j2Lk37,0.00020000,0.00020000,BUY,2024-04-13 05:15:00.346,67282.82,0.00000000,BNB
594051522,4956966928,g5JHqred4nzJSyFjQVGGEb,0.00020000,0.00020000,SELL,2024-04-13 05:16:00.361,67344.69,0.00000000,BNB
594055863,4956991137,c2nmfGZMvNUH3A59sFw4vJ,0.00020000,0.00020000,BUY,2024-04-13 05:17:00.472,67369.23,0.00000000,BNB
594059251,4957009319,QQAJHaVYPDo5xLBPVwxbzZ,0.00020000,0.00020000,SELL,2024-04-13 05:18:00.325,67419.8,0.00000000,BNB
594064994,4957039120,I3j58uoWQre9m3DALn2VJY,0.00020000,0.00020000,BUY,2024-04-13 05:19:00.341,67422.61,0.00000000,BNB
594068704,4957061158,x6ptsMu9znHRylawXyUBYv,0.00020000,0.00020000,SELL,2024-04-13 05:20:00.412,67422.02,0.00000000,BNB
594072741,4957083280,YY6QfL55PWDhdaTIlRbXPh,0.00020000,0.00020000,BUY,2024-04-13 05:21:00.425,67354.38,0.00000000,BNB
594076391,4957105084,HnR2u0kwmkCy4165AJB85o,0.00020000,0.00020000,SELL,2024-04-13 05:22:00.302,67422.18,0.00000000,BNB
594079501,4957123339,fnHF4Yx9P2I0VchJPfoXQ4,0.00020000,0.00020000,BUY,2024-04-13 05:23:00.116,67428.36,0.00000000,BNB
594083441,4957146015,4fvfdX6HkBugzzAIAKa4Sl,0.00020000,0.00020000,SELL,2024-04-13 05:24:00.142,67351.71,0.00000000,BNB
594087818,4957173593,dHHxWsFObjQRcXhCld6KtT,0.00020000,0.00020000,BUY,2024-04-13 05:25:00.243,67327.39,0.00000000,BNB
594091528,4957194653,uMbLDXPfzgcnzK67ke9SWC,0.00020000,0.00020000,SELL,2024-04-13 05:26:00.254,67287.51,0.00000000,BNB
594096653,4957219731,5tzRzzSAHMd2maYMVL6xDz,0.00020000,0.00020000,BUY,2024-04-13 05:27:00.344,67294.37,0.00000000,BNB
594100281,4957242151,K0QCikwDwawnZ1dnowIdfL,0.00020000,0.00020000,SELL,2024-04-13 05:28:00.326,67260.26,0.00000000,BNB
594105352,4957266518,3hlhgs0zhD1Aj8T3gw86zK,0.00020000,0.00020000,BUY,2024-04-13 05:29:00.154,67252.24,0.00000000,BNB
594109304,4957286438,t2PehdJbW5QPvcb2DxepjG,0.00020000,0.00020000,SELL,2024-04-13 05:30:00.098,67179.65,0.00000000,BNB
594113400,4957310252,vu7gifBAj35duFIREeMkvA,0.00020000,0.00020000,BUY,2024-04-13 05:31:00.744,67241.24,0.00000000,BNB
594116783,4957332431,6NXHeih4iQ4QpFHCE9V5rj,0.00020000,0.00020000,SELL,2024-04-13 05:32:00.242,67240.35,0.00000000,BNB
594119284,4957348060,i5aDCayVJNGrW68dNn6xdq,0.00020000,0.00020000,BUY,2024-04-13 05:33:00.049,67279.87,0.00000000,BNB
594122100,4957366247,E8xWe2uBg4XR795U2iXV1N,0.00020000,0.00020000,SELL,2024-04-13 05:34:00.277,67284.71,0.00000000,BNB
594125770,4957388345,je3JvZAWGNpjQg77HirWiv,0.00020000,0.00020000,BUY,2024-04-13 05:35:00.232,67274.18,0.00000000,BNB
594129588,4957409812,bLO6FgNXzr3NqpTy20Gh3a,0.00020000,0.00020000,SELL,2024-04-13 05:36:00.261,67309.27,0.00000000,BNB
594132373,4957426062,mztfMetJjs9oxrc3wneWx7,0.00020000,0.00020000,BUY,2024-04-13 05:37:00.096,67313.64,0.00000000,BNB
594134826,4957439767,f8MT3GhveeCvnC8lUC4QuO,0.00020000,0.00020000,SELL,2024-04-13 05:38:00.224,67314.35,0.00000000,BNB
594138474,4957461469,pkyyP8p0TQESay8TDrfVUl,0.00020000,0.00020000,BUY,2024-04-13 05:39:00.426,67285.68,0.00000000,BNB
594141961,4957482799,uJfPSuu1G1aBLiTxJ8EW5M,0.00020000,0.00020000,SELL,2024-04-13 05:40:00.287,67258.18,0.00000000,BNB
594144530,4957498434,suxyLuxMjoZU5g0NqzMlCg,0.00020000,0.00020000,BUY,2024-04-13 05:41:00.440,67247.82,0.00000000,BNB
594147945,4957517294,wVTTnaSgShJQNZ4bGBKTDz,0.00020000,0.00020000,SELL,2024-04-13 05:42:00.157,67230.51,0.00000000,BNB
594151336,4957537299,O76ocoupxWXt95QGSoxxDn,0.00020000,0.00020000,BUY,2024-04-13 05:43:00.353,67228.86,0.00000000,BNB
594154091,4957553412,hn3x7bcOJ1Tj7G74qgEcQh,0.00020000,0.00020000,SELL,2024-04-13 05:44:00.695,67242.7,0.00000000,BNB
594157098,4957570634,plnIxWWyACawds3XAkfghi,0.00020000,0.00020000,BUY,2024-04-13 05:45:00.290,67265.32,0.00000000,BNB
594161109,4957592504,smjGkmNfDxDulbjCmEaBWs,0.00020000,0.00020000,SELL,2024-04-13 05:46:00.154,67196.89,0.00000000,BNB
594166377,4957625770,8YrDQ5g7RHkbuDNsAfirQ9,0.00020000,0.00020000,BUY,2024-04-13 05:47:00.343,67151.18,0.00000000,BNB
594170885,4957653457,j99JaHBP3PL2klNz7OZBb4,0.00020000,0.00020000,SELL,2024-04-13 05:48:00.221,67115.0,0.00000000,BNB
594174350,4957676922,ucfwB1NuzhdJiciA1v05s4,0.00020000,0.00020000,BUY,2024-04-13 05:49:00.139,67110.6,0.00000000,BNB
594178033,4957698216,jbY3iWaCxJMT4Vnp8I6CxO,0.00020000,0.00020000,SELL,2024-04-13 05:50:00.430,67156.86,0.00000000,BNB
594182560,4957720158,C8DHfmuL1CErpK0cayd7TR,0.00020000,0.00020000,BUY,2024-04-13 05:51:00.405,67184.66,0.00000000,BNB
594185595,4957736099,XrIQEILOBZ1sPjDv4ggEr2,0.00020000,0.00020000,SELL,2024-04-13 05:52:00.233,67146.89,0.00000000,BNB
594188987,4957754076,OYGTeYTIe6zy2J5bEIDt0W,0.00020000,0.00020000,BUY,2024-04-13 05:53:00.187,67183.59,0.00000000,BNB
594191625,4957770826,ZsbCMAiPaNdMmuHtSXLjtm,0.00020000,0.00020000,SELL,2024-04-13 05:54:00.366,67143.13,0.00000000,BNB
594195228,4957791919,dMgJzxXIw54PaVBjMsES9a,0.00020000,0.00020000,BUY,2024-04-13 05:55:01.079,67118.42,0.00000000,BNB
594199240,4957811796,OSMY8vIbJXSHiYuWSOGH7v,0.00020000,0.00020000,SELL,2024-04-13 05:56:00.167,67154.69,0.00000000,BNB
594202400,4957833264,6GRmyFkPWrg56jpQ27aIZ2,0.00020000,0.00020000,BUY,2024-04-13 05:57:00.309,67151.35,0.00000000,BNB
594205564,4957852218,Cg0BYGaFLlbDh06eINtATW,0.00020000,0.00020000,SELL,2024-04-13 05:58:00.085,67124.45,0.00000000,BNB
594208300,4957870926,ClWAdPKp6zggaDkCKyXaAM,0.00020000,0.00020000,BUY,2024-04-13 05:59:00.033,67170.55,0.00000000,BNB
594211058,4957885686,l29CctjsMQ7xm9Ght4rRvX,0.00020000,0.00020000,SELL,2024-04-13 06:00:00.135,67147.19,0.00000000,BNB
594216003,4957910811,1Ti3sW8MN0db19TMhAIRfJ,0.00020000,0.00020000,BUY,2024-04-13 06:01:00.396,67185.98,0.00000000,BNB
594220386,4957935595,sFltj5zn0n6XyR7gUmzeT2,0.00020000,0.00020000,SELL,2024-04-13 06:02:00.312,67173.25,0.00000000,BNB
594224149,4957956463,ANncv40auhYRO0HBATSh4y,0.00020000,0.00020000,BUY,2024-04-13 06:03:00.409,67205.03,0.00000000,BNB
594227498,4957977264,AbcUC6hetBygJuVHGiVzbY,0.00020000,0.00020000,SELL,2024-04-13 06:04:00.373,67214.6,0.00000000,BNB
594231571,4957998824,6mG4Jtb640tZaJG1chN0QL,0.00020000,0.00020000,BUY,2024-04-13 06:05:00.392,67213.98,0.00000000,BNB
594234868,4958016833,KHfufG6DfHgcK03fDhr8Q5,0.00020000,0.00020000,SELL,2024-04-13 06:06:00.144,67248.16,0.00000000,BNB
594237979,4958036445,eqvYeb3Mm9OrgeyFPnxTzb,0.00020000,0.00020000,BUY,2024-04-13 06:07:00.308,67187.03,0.00000000,BNB
594243411,4958067526,BtxqIydzRQ79Z0CJubNLSW,0.00020000,0.00020000,SELL,2024-04-13 06:08:00.365,67048.73,0.00000000,BNB
594247846,4958097761,uE2emRe1YCfHmq05ydNltk,0.00020000,0.00020000,BUY,2024-04-13 06:09:00.193,67075.03,0.00000000,BNB
594252036,4958122311,EW3IRbPZNKVxfVPfCFYUTa,0.00020000,0.00020000,SELL,2024-04-13 06:10:00.383,67043.75,0.00000000,BNB
594256970,4958149940,9NbrHYF8dMr3Z2L4cj9cBH,0.00020000,0.00020000,BUY,2024-04-13 06:11:00.163,67003.87,0.00000000,BNB
594259551,4958165535,OSDoS50WCSeg1iDtv7jlU8,0.00020000,0.00020000,SELL,2024-04-13 06:12:00.141,67014.53,0.00000000,BNB
594265387,4958195135,Wb3Y85GyTeQcG6TjgPY8Zw,0.00020000,0.00020000,BUY,2024-04-13 06:13:00.254,66981.32,0.00000000,BNB
594269082,4958220655,eesCKhL897vnmNW6OKgGrB,0.00020000,0.00020000,SELL,2024-04-13 06:14:00.251,67004.28,0.00000000,BNB
594273336,4958246878,qvmVxQzrICGUskSUhwI597,0.00020000,0.00020000,BUY,2024-04-13 06:15:00.082,67037.89,0.00000000,BNB
594277157,4958269711,ytH7P4AJMjSl0Z9jK9FXrO,0.00020000,0.00020000,SELL,2024-04-13 06:16:00.164,67064.15,0.00000000,BNB
594281028,4958287531,VfZcuF6GRIIswNb3QsAKUq,0.00020000,0.00020000,BUY,2024-04-13 06:17:00.401,67072.67,0.00000000,BNB
594284609,4958306795,vMxKZdOpFkn065CjZ05ZFt,0.00020000,0.00020000,SELL,2024-04-13 06:18:00.069,67085.28,0.00000000,BNB
594287967,4958325343,9NdHUH6JU5nvxihXjHp4kr,0.00020000,0.00020000,BUY,2024-04-13 06:19:00.286,67030.53,0.00000000,BNB
594291748,4958346081,lafEfrCRlbJAPrbwqa6e8p,0.00020000,0.00020000,SELL,2024-04-13 06:20:00.733,67095.19,0.00000000,BNB
594294533,4958362720,f6xXP49ECKnbNUYTYhCbRy,0.00020000,0.00020000,BUY,2024-04-13 06:21:00.248,67131.34,0.00000000,BNB
594297449,4958377222,eoqkWsI9VYLQg6U93688St,0.00020000,0.00020000,SELL,2024-04-13 06:22:00.229,67138.0,0.00000000,BNB
594300782,4958392896,sBkUXeSsAouzOgmI8ErpvE,0.00020000,0.00020000,BUY,2024-04-13 06:23:00.107,67101.49,0.00000000,BNB
594303490,4958406757,5mdQPnitkmwMs59f9INh8z,0.00020000,0.00020000,SELL,2024-04-13 06:24:00.090,67076.8,0.00000000,BNB
594307734,4958428301,rS8FH4BhyeZcl9Dc38DrOf,0.00020000,0.00020000,BUY,2024-04-13 06:25:00.401,67062.09,0.00000000,BNB
594311389,4958450513,QGkVUsaNsMmOzmghCNhNGQ,0.00020000,0.00020000,SELL,2024-04-13 06:26:00.408,67077.27,0.00000000,BNB
594313968,4958464883,Uf8iHmPTmZ5gaTpxhsrypa,0.00020000,0.00020000,BUY,2024-04-13 06:27:00.092,67096.25,0.00000000,BNB
594316909,4958480899,GT51xPVaVJ8fY3DyndP94v,0.00020000,0.00020000,SELL,2024-04-13 06:28:00.405,67133.63,0.00000000,BNB
594319316,4958495291,t169HJNUDctzz8PE5oCv0O,0.00020000,0.00020000,BUY,2024-04-13 06:29:00.212,67118.65,0.00000000,BNB
594322429,4958511521,5Dj5uo85zeEhYv8CNlnTx6,0.00020000,0.00020000,SELL,2024-04-13 06:30:00.367,67085.4,0.00000000,BNB
594326302,4958533994,D1LmjW8pVU4Mz78QcpKfzv,0.00020000,0.00020000,BUY,2024-04-13 06:31:00.418,67125.72,0.00000000,BNB
594329709,4958553709,18G6xQitrRFCqd4A0ZpkZl,0.00020000,0.00020000,SELL,2024-04-13 06:32:00.106,67159.52,0.00000000,BNB
594332500,4958569245,Zd33f3VC1DTRdbb7OSAZQN,0.00020000,0.00020000,BUY,2024-04-13 06:33:00.263,67185.84,0.00000000,BNB
594336225,4958591244,9jm1Os6LwUkEdTMHZwLHfX,0.00020000,0.00020000,SELL,2024-04-13 06:34:00.639,67160.76,0.00000000,BNB
594339193,4958609153,8vvdLTuoUjIgvvfUHpLwVy,0.00020000,0.00020000,BUY,2024-04-13 06:35:00.339,67184.82,0.00000000,BNB
594343579,4958625805,U4wVuzel6488qi5UDYuVlM,0.00020000,0.00020000,SELL,2024-04-13 06:36:00.345,67385.1,0.00000000,BNB
594348480,4958650298,NkmutNssJqH0A3Rs7H3RdX,0.00020000,0.00020000,BUY,2024-04-13 06:37:00.079,67371.83,0.00000000,BNB
594354865,4958683236,XguJW7qwVXlM7rLKhWLwgS,0.00020000,0.00020000,SELL,2024-04-13 06:38:00.140,67338.45,0.00000000,BNB
594360097,4958711203,eZ5FpNP0OUr6QW3OuKLuWQ,0.00020000,0.00020000,BUY,2024-04-13 06:39:00.284,67321.52,0.00000000,BNB
594363225,4958731646,4KguZ1uVecMCgzeAwT6XpG,0.00020000,0.00020000,SELL,2024-04-13 06:40:00.348,67281.1,0.00000000,BNB
594366165,4958751201,r0XPLh9kMYZlqdV0zhJVIh,0.00020000,0.00020000,BUY,2024-04-13 06:41:00.251,67292.04,0.00000000,BNB
594368964,4958771407,zBT9eeQRpMtWHf5ocuux8u,0.00020000,0.00020000,SELL,2024-04-13 06:42:00.194,67300.93,0.00000000,BNB
594371414,4958787996,41rVA4RZNbwo88iO1q2pnr,0.00020000,0.00020000,BUY,2024-04-13 06:43:00.314,67309.21,0.00000000,BNB
594374876,4958809810,kZIFRCpVKmO4c0iEFB4l3i,0.00020000,0.00020000,SELL,2024-04-13 06:44:00.397,67279.1,0.00000000,BNB
594377240,4958827344,XPIFnl4vJEEnmv9tWRo6lV,0.00020000,0.00020000,BUY,2024-04-13 06:45:00.158,67258.05,0.00000000,BNB
594380795,4958850160,5FfE3eMsPHb457zLIbbrTR,0.00020000,0.00020000,SELL,2024-04-13 06:46:00.281,67298.54,0.00000000,BNB
594387180,4958874556,yre54ieL4TXnTAp5J6GsIy,0.00020000,0.00020000,BUY,2024-04-13 06:47:00.362,67293.94,0.00000000,BNB
594390796,4958891935,rQd23cbUeqM8UOkaSrl8ev,0.00020000,0.00020000,SELL,2024-04-13 06:48:00.205,67298.35,0.00000000,BNB
594394027,4958909366,TTjaWigyieEn28Jqlf7Mma,0.00020000,0.00020000,BUY,2024-04-13 06:49:00.100,67284.73,0.00000000,BNB
594397087,4958926924,r7LC9hav5nCTQN9bYKqq9y,0.00020000,0.00020000,SELL,2024-04-13 06:50:00.389,67339.4,0.00000000,BNB
594400287,4958946868,KQ7ojgTPRj0JYiCq1wLGWg,0.00020000,0.00020000,BUY,2024-04-13 06:51:00.041,67293.37,0.00000000,BNB
594403167,4958964993,sugFqFacANMBFXY7um8ZVv,0.00020000,0.00020000,SELL,2024-04-13 06:52:00.340,67338.14,0.00000000,BNB
594405283,4958978685,FmU9KfnqmYOGM5e9zE7Ddv,0.00020000,0.00020000,BUY,2024-04-13 06:53:00.358,67346.2,0.00000000,BNB
594406834,4958991529,i5CwS9PyDb1sMvKB6YTCgJ,0.00020000,0.00020000,SELL,2024-04-13 06:54:00.356,67352.97,0.00000000,BNB
594408760,4959003439,rGHWevxPWGht78aROAGtzf,0.00020000,0.00020000,BUY,2024-04-13 06:55:00.406,67354.98,0.00000000,BNB
594412592,4959023290,4pD1UxinpdaNEtjLJSDuHd,0.00020000,0.00020000,SELL,2024-04-13 06:56:00.281,67392.46,0.00000000,BNB
594414866,4959038498,YGyhgr9QPnJVIz2M8SRenQ,0.00020000,0.00020000,BUY,2024-04-13 06:57:00.173,67385.5,0.00000000,BNB
594418856,4959058173,XoUfH2azYb60II1Rgv8XX9,0.00020000,0.00020000,SELL,2024-04-13 06:58:00.389,67343.04,0.00000000,BNB
594421003,4959071820,uNff8biokniC8uESoSS2Wl,0.00020000,0.00020000,BUY,2024-04-13 06:59:00.200,67322.21,0.00000000,BNB
594422891,4959084874,CdcPIvWsrGVnknfH6fX6Vt,0.00020000,0.00020000,SELL,2024-04-13 07:00:00.347,67304.72,0.00000000,BNB
594425969,4959102177,U4slhglzxyYmT9ZII0Fzwo,0.00020000,0.00020000,BUY,2024-04-13 07:01:00.337,67360.84,0.00000000,BNB
594428370,4959117777,ytQvarb7BW9yPuvE78ovtH,0.00020000,0.00020000,SELL,2024-04-13 07:02:00.076,67356.32,0.00000000,BNB
594430613,4959133790,RSX50VTNSJ8uvSCYXxVmxk,0.00020000,0.00020000,BUY,2024-04-13 07:03:00.165,67337.53,0.00000000,BNB
594432983,4959149114,9UBo539H6XtAIpjxmi6UVF,0.00020000,0.00020000,SELL,2024-04-13 07:04:00.341,67370.19,0.00000000,BNB
594434948,4959163248,rqab7hSCU7nx7bpKh1mt3q,0.00020000,0.00020000,BUY,2024-04-13 07:05:00.450,67390.49,0.00000000,BNB
594438330,4959182385,lhBwgl3s95wPCMDDzouKhL,0.00020000,0.00020000,SELL,2024-04-13 07:06:00.278,67375.62,0.00000000,BNB
594441407,4959203658,FUFx1Gis24FmtGeiv2l9it,0.00020000,0.00020000,BUY,2024-04-13 07:07:00.263,67420.94,0.00000000,BNB
594443290,4959219225,Ne6YW5bbII4IKPn70l0FwV,0.00020000,0.00020000,SELL,2024-04-13 07:08:00.350,67432.51,0.00000000,BNB
594445504,4959237106,IjrZEJYzjKoNZv1D0a3DoJ,0.00020000,0.00020000,BUY,2024-04-13 07:09:00.299,67447.77,0.00000000,BNB
594448268,4959258001,LZ3CPOgwDmWcVmfbwsx6xn,0.00020000,0.00020000,SELL,2024-04-13 07:10:00.096,67464.15,0.00000000,BNB
594452785,4959288947,pLQ40YWpgDCsErXU4wm8RI,0.00020000,0.00020000,BUY,2024-04-13 07:11:00.419,67509.12,0.00000000,BNB
594455179,4959310268,KE0ON0cf4PNZJrqvfhlGch,0.00020000,0.00020000,SELL,2024-04-13 07:12:00.295,67461.96,0.00000000,BNB
594458643,4959333993,xLC2stdAdZNOTRKp63IRmF,0.00020000,0.00020000,BUY,2024-04-13 07:13:00.091,67469.47,0.00000000,BNB
594461109,4959351313,OZZeF0RvBh5Nayauumg1c8,0.00020000,0.00020000,SELL,2024-04-13 07:14:00.451,67444.29,0.00000000,BNB
594463076,4959366603,PjjoOIr1aZRHOpYNwkE2yr,0.00020000,0.00020000,BUY,2024-04-13 07:15:00.262,67436.56,0.00000000,BNB
594465569,4959383279,2dYZz8g5E87fTwNgIFIX4W,0.00020000,0.00020000,SELL,2024-04-13 07:16:00.096,67471.07,0.00000000,BNB
594468646,4959403672,OfhPw6ZBzxwMgPR2wW3fBU,0.00020000,0.00020000,BUY,2024-04-13 07:17:00.224,67507.8,0.00000000,BNB
594471561,4959423338,hSThWkafEkaxZQVeRofCFa,0.00020000,0.00020000,SELL,2024-04-13 07:18:00.190,67533.19,0.00000000,BNB
594473993,4959440542,JaZIqqrTiZiT5pbxvzxIcZ,0.00020000,0.00020000,BUY,2024-04-13 07:19:00.216,67532.77,0.00000000,BNB
594476744,4959456578,YxHp9ep8BIgM6KCHu5l2LA,0.00020000,0.00020000,SELL,2024-04-13 07:20:00.161,67552.39,0.00000000,BNB
594479932,4959476681,fbwDzKc2YWqiIM5c3Aa7R5,0.00020000,0.00020000,BUY,2024-04-13 07:21:00.483,67539.73,0.00000000,BNB
594482404,4959494174,X9WvhYfglr7fqUNsgvKvZi,0.00020000,0.00020000,SELL,2024-04-13 07:22:00.233,67552.35,0.00000000,BNB
594485337,4959509944,Hm0AM2NyocQvy0t6lKf9b2,0.00020000,0.00020000,BUY,2024-04-13 07:23:00.383,67570.76,0.00000000,BNB
594487160,4959521062,mCDA2JhUDOnwNJIRlpmAyb,0.00020000,0.00020000,SELL,2024-04-13 07:24:00.321,67551.18,0.00000000,BNB
594489666,4959537527,yhzF9p4kfPaH967Iu3ppqb,0.00020000,0.00020000,BUY,2024-04-13 07:25:00.309,67492.75,0.00000000,BNB
594492464,4959557138,JzEnfQbjZ8Wkxd8W77eOxw,0.00020000,0.00020000,SELL,2024-04-13 07:26:00.342,67458.17,0.00000000,BNB
594495689,4959577676,dXZHyPerfEdjIESdixnTos,0.00020000,0.00020000,BUY,2024-04-13 07:27:00.293,67436.37,0.00000000,BNB
594499063,4959595097,MahBBeM4nmSiVqyUlLE7kF,0.00020000,0.00020000,SELL,2024-04-13 07:28:00.150,67417.12,0.00000000,BNB
594501633,4959612244,GkNM83Zgps2lBnstMin699,0.00020000,0.00020000,BUY,2024-04-13 07:29:00.366,67425.8,0.00000000,BNB
594505564,4959637254,CleOtlsd2CDW7eYGcCBL2p,0.00020000,0.00020000,SELL,2024-04-13 07:30:00.456,67486.02,0.00000000,BNB
594508835,4959659226,hRtrsEgykbGCOlKyVcGC2H,0.00020000,0.00020000,BUY,2024-04-13 07:31:00.197,67435.47,0.00000000,BNB
594511219,4959678735,EA4a9avt4gYadaJVDAxOtM,0.00020000,0.00020000,SELL,2024-04-13 07:32:01.078,67440.16,0.00000000,BNB
594512982,4959693039,a7XBBXSQjNllq2fHUWtc1A,0.00020000,0.00020000,BUY,2024-04-13 07:33:00.331,67427.38,0.00000000,BNB
594518451,4959719441,n6zE0o3yOMoKcVYWHpkxbw,0.00020000,0.00020000,SELL,2024-04-13 07:34:00.138,67272.35,0.00000000,BNB
594524629,4959751546,3GS8PdWOjMOZS1Kov9mwsI,0.00020000,0.00020000,BUY,2024-04-13 07:35:00.362,67341.59,0.00000000,BNB
594528792,4959773561,HvfMUjfnZi0bY1fUlrfVwt,0.00020000,0.00020000,SELL,2024-04-13 07:36:00.325,67317.19,0.00000000,BNB
594532928,4959794432,D4BUuVm1q6d4yivjC1AwKK,0.00020000,0.00020000,BUY,2024-04-13 07:37:00.183,67347.29,0.00000000,BNB
594535191,4959814110,XHXuVKDcTdNqvlV57rQo10,0.00020000,0.00020000,SELL,2024-04-13 07:38:00.258,67383.22,0.00000000,BNB
594537437,4959832486,INhB3N1O1kYHQgtZWruZbl,0.00020000,0.00020000,BUY,2024-04-13 07:39:00.082,67381.96,0.00000000,BNB
594539309,4959847294,j7ZieOUGwK2bQWg08olKtZ,0.00020000,0.00020000,SELL,2024-04-13 07:40:00.077,67385.02,0.00000000,BNB
594541273,4959864090,6dx2HA9oq1FXoE4czeQASI,0.00020000,0.00020000,BUY,2024-04-13 07:41:00.103,67397.53,0.00000000,BNB
594543515,4959883717,sOTWH7vj75YuCe9gUbF82Q,0.00020000,0.00020000,SELL,2024-04-13 07:42:00.186,67381.91,0.00000000,BNB
594545417,4959896491,wWWE4DZQF3vDPNy3mKagDb,0.00020000,0.00020000,BUY,2024-04-13 07:43:00.413,67363.74,0.00000000,BNB
594546758,4959907773,tSaM477Qru98eQ6W92mjTx,0.00020000,0.00020000,SELL,2024-04-13 07:44:00.106,67369.57,0.00000000,BNB
594548679,4959921464,UlZZ11KqqQozxvPXFHRbpK,0.00020000,0.00020000,BUY,2024-04-13 07:45:00.175,67334.87,0.00000000,BNB
594550948,4959936984,TNlUw7ZOXLfQSgmlVKPlAk,0.00020000,0.00020000,SELL,2024-04-13 07:46:00.043,67342.03,0.00000000,BNB
594553007,4959953568,9mxotyo8rVYt3ONDFPI9jJ,0.00020000,0.00020000,BUY,2024-04-13 07:47:00.421,67360.86,0.00000000,BNB
594554764,4959966960,o4eGpFv9MHsqDQxHGQUHHE,0.00020000,0.00020000,SELL,2024-04-13 07:48:00.314,67354.01,0.00000000,BNB
594556737,4959980501,XqK9o2Wgkqc3zB1U94i6AG,0.00020000,0.00020000,BUY,2024-04-13 07:49:00.189,67381.79,0.00000000,BNB
594558511,4959994200,zsyzUeOOzJfpGDUZI9iKCh,0.00020000,0.00020000,SELL,2024-04-13 07:50:00.339,67374.91,0.00000000,BNB
594560587,4960010824,XEA0FmtHixdeGlmG9SdMWQ,0.00020000,0.00020000,BUY,2024-04-13 07:51:00.206,67379.2,0.00000000,BNB
594562946,4960027609,5cTyB7af3NIGsKbAXWbJyf,0.00020000,0.00020000,SELL,2024-04-13 07:52:00.206,67410.03,0.00000000,BNB
594564571,4960040973,rPYExXTtPe1UfVtNF87KTE,0.00020000,0.00020000,BUY,2024-04-13 07:53:00.347,67409.11,0.00000000,BNB
594566573,4960055671,Sfbh2QXJiteZeFKD5zAvt8,0.00020000,0.00020000,SELL,2024-04-13 07:54:00.180,67394.86,0.00000000,BNB
594569320,4960076453,SVGjRKSaH5jkEk4LLEuLFd,0.00020000,0.00020000,BUY,2024-04-13 07:55:00.107,67350.16,0.00000000,BNB
594571020,4960091899,ODCPD4uzC19XKtmCZHPCvW,0.00020000,0.00020000,SELL,2024-04-13 07:56:00.110,67390.78,0.00000000,BNB
594572730,4960104499,GzEBJ3ToTFfw56tESqf4bI,0.00020000,0.00020000,BUY,2024-04-13 07:57:00.256,67392.28,0.00000000,BNB
594573915,4960114586,s1sOLIAgUfgg73CYLT0Jig,0.00020000,0.00020000,SELL,2024-04-13 07:58:00.462,67382.53,0.00000000,BNB
594575668,4960131671,eQhTkwnDiafpxqdYRaiHRx,0.00020000,0.00020000,BUY,2024-04-13 07:59:00.221,67359.53,0.00000000,BNB
594577291,4960143073,T91JuoD7T5k5uTtCCitSS9,0.00020000,0.00020000,SELL,2024-04-13 08:00:00.350,67359.43,0.00000000,BNB
594579837,4960162232,SahKHc6BQb2K9QGNNKYwPk,0.00020000,0.00020000,BUY,2024-04-13 08:01:00.093,67411.38,0.00000000,BNB
594582425,4960178799,9ZvIP2r30U12QkPY76Udok,0.00020000,0.00020000,SELL,2024-04-13 08:02:00.141,67452.06,0.00000000,BNB
594584564,4960194138,hyVHYQLR9gF2xHWnOvfqTm,0.00020000,0.00020000,BUY,2024-04-13 08:03:00.459,67455.56,0.00000000,BNB
594587017,4960215080,idgDYpIdt0FdHvDzWTWHZ7,0.00020000,0.00020000,SELL,2024-04-13 08:04:00.374,67326.38,0.00000000,BNB
594589363,4960232851,g7EDxt0a9uhEooWDt0Zgo1,0.00020000,0.00020000,BUY,2024-04-13 08:05:00.111,67328.96,0.00000000,BNB
594591885,4960248918,UTdZeNDQr7K7ei24a6OKqU,0.00020000,0.00020000,SELL,2024-04-13 08:06:00.410,67371.14,0.00000000,BNB
594594146,4960267777,KXVIKKeYWXKfbPKyRvMQKL,0.00020000,0.00020000,BUY,2024-04-13 08:07:00.362,67422.99,0.00000000,BNB
594596753,4960285298,lKUTRvSnwu2deAcyejcF5X,0.00020000,0.00020000,SELL,2024-04-13 08:08:00.442,67457.06,0.00000000,BNB
594598476,4960298849,KLAF87Rw5VujUSPLfprLus,0.00020000,0.00020000,BUY,2024-04-13 08:09:00.208,67456.81,0.00000000,BNB
594600564,4960314546,vV5soAXrF6xUCVnWjMLOkD,0.00020000,0.00020000,SELL,2024-04-13 08:10:00.122,67422.8,0.00000000,BNB
594602525,4960331306,gjndUjzNyWfmnBVqUUuAuA,0.00020000,0.00020000,BUY,2024-04-13 08:11:00.238,67427.08,0.00000000,BNB
594604143,4960342738,P89wC3EdyoqKwRyIttNCJw,0.00020000,0.00020000,SELL,2024-04-13 08:12:00.056,67427.62,0.00000000,BNB
594606256,4960360389,pGRAEKA993N8wHQuqEXxZa,0.00020000,0.00020000,BUY,2024-04-13 08:13:00.148,67446.38,0.00000000,BNB
594607784,4960372344,MaXO7dh4j3KyyOnrUKW2tm,0.00020000,0.00020000,SELL,2024-04-13 08:14:00.400,67450.18,0.00000000,BNB
594609507,4960384135,ZelCfagzJDe28Kz12yNPmS,0.00020000,0.00020000,BUY,2024-04-13 08:15:00.221,67458.04,0.00000000,BNB
594611330,4960398240,V3cmJqZNtLKECxGolKy6pg,0.00020000,0.00020000,SELL,2024-04-13 08:16:00.219,67446.28,0.00000000,BNB
594613414,4960412559,FDZVsugf2RyfwJM3z7DUKd,0.00020000,0.00020000,BUY,2024-04-13 08:17:00.464,67421.92,0.00000000,BNB
594615031,4960427278,Bcw27qU5QoWRK3awcaO6Vz,0.00020000,0.00020000,SELL,2024-04-13 08:18:00.334,67446.42,0.00000000,BNB
594616419,4960438263,dXeivExAWsyaMSufGTPxVu,0.00020000,0.00020000,BUY,2024-04-13 08:19:00.099,67444.6,0.00000000,BNB
594618516,4960451644,D1GskdX1VefR6u7VHy2phl,0.00020000,0.00020000,SELL,2024-04-13 08:20:00.467,67426.61,0.00000000,BNB
594620563,4960466900,7PCcozLrPVMgykiW29ztCH,0.00020000,0.00020000,BUY,2024-04-13 08:21:00.154,67437.52,0.00000000,BNB
594622378,4960481167,iwOZ72dog213NJUzU8ohvU,0.00020000,0.00020000,SELL,2024-04-13 08:22:00.563,67446.84,0.00000000,BNB
594624390,4960495934,Hklz3M8xEjEOhZ0GjsqZm5,0.00020000,0.00020000,BUY,2024-04-13 08:23:00.768,67491.75,0.00000000,BNB
594626697,4960512360,KeSzImclfac7bOHIgY3FJ9,0.00020000,0.00020000,SELL,2024-04-13 08:24:00.264,67496.01,0.00000000,BNB
594628682,4960527297,EEKTXgq4gUd7DTjcUTG4D3,0.00020000,0.00020000,BUY,2024-04-13 08:25:00.081,67454.84,0.00000000,BNB
594630811,4960542690,48OksZNrslKDyhb5AG4s80,0.00020000,0.00020000,SELL,2024-04-13 08:26:00.079,67485.1,0.00000000,BNB
594632859,4960556028,ASiDUObFQo9gAVSlFOCDwJ,0.00020000,0.00020000,BUY,2024-04-13 08:27:00.323,67495.88,0.00000000,BNB
594634376,4960567646,nnKacB4cJRxJrtf85z7SiD,0.00020000,0.00020000,SELL,2024-04-13 08:28:00.252,67495.8,0.00000000,BNB
594636606,4960583299,mx0Ip88bNq8W4GI8bivlem,0.00020000,0.00020000,BUY,2024-04-13 08:29:00.373,67473.21,0.00000000,BNB
594638463,4960595319,5nhM0fMEoagNCXdFyB6zMG,0.00020000,0.00020000,SELL,2024-04-13 08:30:00.229,67493.54,0.00000000,BNB
594640851,4960611451,KGQu0zfimgijJgqjY6EJDD,0.00020000,0.00020000,BUY,2024-04-13 08:31:00.431,67443.22,0.00000000,BNB
594644222,4960630417,GM1RZ33FNcKLRNXtB7z6nY,0.00020000,0.00020000,SELL,2024-04-13 08:32:00.203,67445.96,0.00000000,BNB
594647586,4960650624,EKj3T0aG4jXxDgdUJfdkzI,0.00020000,0.00020000,BUY,2024-04-13 08:33:00.075,67375.17,0.00000000,BNB
594649492,4960666303,QM2poNtMG3YgtKSb0MhViz,0.00020000,0.00020000,SELL,2024-04-13 08:34:00.716,67401.57,0.00000000,BNB
594651709,4960683245,J9pcQAKkBZLVl2dsqscGz7,0.00020000,0.00020000,BUY,2024-04-13 08:35:00.338,67384.42,0.00000000,BNB
594655874,4960709001,6OWzpPqDHW1HRJ23Au2JdP,0.00020000,0.00020000,SELL,2024-04-13 08:36:00.400,67304.06,0.00000000,BNB
594659257,4960734770,fUtv3PUYjtcrlsw6D1l4DI,0.00020000,0.00020000,BUY,2024-04-13 08:37:00.262,67259.29,0.00000000,BNB
594661925,4960753042,sfCdRt3DVoRvwMTLADdio8,0.00020000,0.00020000,SELL,2024-04-13 08:38:00.345,67296.73,0.00000000,BNB
594664128,4960769213,auDecQrmn6qAXG9AjkVmxb,0.00020000,0.00020000,BUY,2024-04-13 08:39:00.049,67283.9,0.00000000,BNB
594667644,4960791547,gtH5R2fviQM7Uco3pn6Bvk,0.00020000,0.00020000,SELL,2024-04-13 08:40:00.273,67204.06,0.00000000,BNB
594671078,4960815475,x6wAhzIONaQ2wVAjmVlJIJ,0.00020000,0.00020000,BUY,2024-04-13 08:41:00.441,67243.07,0.00000000,BNB
594674690,4960840114,GrPzq9HvnvyE0cVSLuhCyw,0.00020000,0.00020000,SELL,2024-04-13 08:42:00.252,67313.77,0.00000000,BNB
594676703,4960858364,xiSjHM7RlqwGyDrtFk9wY3,0.00020000,0.00020000,BUY,2024-04-13 08:43:00.436,67261.64,0.00000000,BNB
594678744,4960872472,8bjR8Opu0RXbnTINJdUzhN,0.00020000,0.00020000,SELL,2024-04-13 08:44:00.151,67275.16,0.00000000,BNB
594680773,4960884695,hRfDluS8nCG54GcSwbT9o7,0.00020000,0.00020000,BUY,2024-04-13 08:45:00.441,67272.83,0.00000000,BNB
594683619,4960903110,UBeewJP9OzRbQNM7PyuCA7,0.00020000,0.00020000,SELL,2024-04-13 08:46:00.432,67243.98,0.00000000,BNB
594687387,4960921242,P8p5A4ZRquiEpE7Qg8rpp2,0.00020000,0.00020000,BUY,2024-04-13 08:47:00.271,67318.61,0.00000000,BNB
594689832,4960939241,2K1xwfFqhUocsKNWcwuIfJ,0.00020000,0.00020000,SELL,2024-04-13 08:48:00.351,67333.38,0.00000000,BNB
594691814,4960955585,Sk4cXAc8n32aM78NR3mXhL,0.00020000,0.00020000,BUY,2024-04-13 08:49:00.225,67344.61,0.00000000,BNB
594694103,4960969741,I6PfO79piWziUJ7mVqPH5g,0.00020000,0.00020000,SELL,2024-04-13 08:50:00.276,67318.86,0.00000000,BNB
594696261,4960986346,WBzOb2prIwjs3EywPtw32H,0.00020000,0.00020000,BUY,2024-04-13 08:51:00.447,67317.93,0.00000000,BNB
594697406,4960996635,YUxBirlAeNopAZ9Ldic9mG,0.00020000,0.00020000,SELL,2024-04-13 08:52:00.076,67300.18,0.00000000,BNB
594699313,4961011769,9OuqrqWIlFXLpiQQ3vREfC,0.00020000,0.00020000,BUY,2024-04-13 08:53:00.407,67263.17,0.00000000,BNB
594702361,4961033543,1O3ShXp21Uw0xBghBMRohE,0.00020000,0.00020000,SELL,2024-04-13 08:54:00.199,67202.48,0.00000000,BNB
594704492,4961051833,2s3HwYLICnSskuD8lrVuoQ,0.00020000,0.00020000,BUY,2024-04-13 08:55:00.161,67241.78,0.00000000,BNB
594706573,4961066454,1waIuXtJV2mqDgZeWKgbZj,0.00020000,0.00020000,SELL,2024-04-13 08:56:00.221,67262.74,0.00000000,BNB
594709037,4961084021,iflMoIzjIeqFkoF90KbtTG,0.00020000,0.00020000,BUY,2024-04-13 08:57:00.376,67317.76,0.00000000,BNB
594710730,4961096383,mfmpv5GAwd1o540aS089Sz,0.00020000,0.00020000,SELL,2024-04-13 08:58:00.275,67342.75,0.00000000,BNB
594712772,4961111277,d2MAsLWFW1e7R0V0XIgkJd,0.00020000,0.00020000,BUY,2024-04-13 08:59:00.167,67314.01,0.00000000,BNB
594714319,4961123302,SWHCujXsxVnCGDeSnLuvec,0.00020000,0.00020000,SELL,2024-04-13 09:00:00.339,67345.77,0.00000000,BNB
594717047,4961142094,tq800LB9vMpT857NjEbqUO,0.00020000,0.00020000,BUY,2024-04-13 09:01:00.070,67337.81,0.00000000,BNB
594718996,4961155331,Uf7aVl365c3spNtVc6xVTu,0.00020000,0.00020000,SELL,2024-04-13 09:02:00.248,67359.31,0.00000000,BNB
594720887,4961169171,izwB4H9YCSeBgz61RhEwXQ,0.00020000,0.00020000,BUY,2024-04-13 09:03:00.369,67342.73,0.00000000,BNB
594723283,4961185607,q2CVVNYZHcq76QgC3jhg63,0.00020000,0.00020000,SELL,2024-04-13 09:04:00.372,67334.67,0.00000000,BNB
594725186,4961198985,K0TrCSK7YAGFzHupkuVOej,0.00020000,0.00020000,BUY,2024-04-13 09:05:00.447,67351.24,0.00000000,BNB
594726849,4961210803,tEiyfqDb5v9JSIoY5oW2fn,0.00020000,0.00020000,SELL,2024-04-13 09:06:00.210,67350.18,0.00000000,BNB
594729316,4961226795,vvCaiRyYIzelIHxFt11dwm,0.00020000,0.00020000,BUY,2024-04-13 09:07:00.317,67390.0,0.00000000,BNB
594731803,4961243725,o5yhTqMxQZ5IJFj5v8CEtv,0.00020000,0.00020000,SELL,2024-04-13 09:08:00.420,67390.54,0.00000000,BNB
594734359,4961261456,AYTIcq4slSr46qb4cKjj11,0.00020000,0.00020000,BUY,2024-04-13 09:09:00.211,67385.41,0.00000000,BNB
594736700,4961277296,JNu6mH4sJQAYM7LfuOIUY9,0.00020000,0.00020000,SELL,2024-04-13 09:10:00.334,67353.05,0.00000000,BNB
594740303,4961300712,UHT5TbG8puXI20lWTuz8cW,0.00020000,0.00020000,BUY,2024-04-13 09:11:00.124,67284.95,0.00000000,BNB
594743404,4961321171,Nu6TwLO3RTR0q3ZPhbdzkz,0.00020000,0.00020000,SELL,2024-04-13 09:12:00.407,67218.83,0.00000000,BNB
594745368,4961337229,7WKVSW3VEMcG18RrPTJt83,0.00020000,0.00020000,BUY,2024-04-13 09:13:00.270,67262.64,0.00000000,BNB
594747356,4961351636,u623m9jN8OchHw4qumVnSG,0.00020000,0.00020000,SELL,2024-04-13 09:14:00.120,67280.14,0.00000000,BNB
594749446,4961365043,bKYsPT7Og1EcAzOc82072J,0.00020000,0.00020000,BUY,2024-04-13 09:15:00.442,67247.92,0.00000000,BNB
594751510,4961382280,nJYCBLF2T1gvY1KKgBYSMB,0.00020000,0.00020000,SELL,2024-04-13 09:16:00.077,67302.5,0.00000000,BNB
594754079,4961400986,AqdWlY7SUhPm8eod8iKS9X,0.00020000,0.00020000,BUY,2024-04-13 09:17:00.348,67317.99,0.00000000,BNB
594756489,4961417453,oXJRRBVgdUENc4zD6NWGZ0,0.00020000,0.00020000,SELL,2024-04-13 09:18:00.256,67366.16,0.00000000,BNB
594758249,4961431543,fJnG8fGc0yZySOimlDzsVL,0.00020000,0.00020000,BUY,2024-04-13 09:19:00.122,67370.06,0.00000000,BNB
594759862,4961444319,dxuKeFtZykck2Z78SvPCOq,0.00020000,0.00020000,SELL,2024-04-13 09:20:00.390,67381.34,0.00000000,BNB
594763238,4961463314,MXW6XFNp5BwTdvUo0UKsYs,0.00020000,0.00020000,BUY,2024-04-13 09:21:00.297,67462.87,0.00000000,BNB
594767028,4961487798,XsrYIW1DzZJzufNAYUzEdC,0.00020000,0.00020000,SELL,2024-04-13 09:22:00.208,67428.39,0.00000000,BNB
594769013,4961504662,IrnJ4xapcVimrBVfVxYIKN,0.00020000,0.00020000,BUY,2024-04-13 09:23:00.443,67452.28,0.00000000,BNB
594770631,4961516386,VzpGQmtAMjmtie3NJV7nRp,0.00020000,0.00020000,SELL,2024-04-13 09:24:00.417,67450.31,0.00000000,BNB
594772982,4961533104,6n7D2M24g3CjytUXJBmmDg,0.00020000,0.00020000,BUY,2024-04-13 09:25:00.221,67449.25,0.00000000,BNB
594774810,4961546671,SqttmKd1gHbnleIlxI1Z56,0.00020000,0.00020000,SELL,2024-04-13 09:26:00.148,67472.95,0.00000000,BNB
594777530,4961564132,0pimPJHuJx07SzwgfWXuhM,0.00020000,0.00020000,BUY,2024-04-13 09:27:00.349,67499.03,0.00000000,BNB
594780714,4961585608,ilFNkyZqac4xANlBLhJPDQ,0.00020000,0.00020000,SELL,2024-04-13 09:28:00.430,67518.14,0.00000000,BNB
594783174,4961603365,FK0b5GUOFfAt2ZIl5Y0KBQ,0.00020000,0.00020000,BUY,2024-04-13 09:29:00.272,67498.76,0.00000000,BNB
594789486,4961641010,hmJwjpXi4KUuaViQdNYy36,0.00020000,0.00020000,SELL,2024-04-13 09:30:00.347,67640.24,0.00000000,BNB
594797032,4961683553,AzxQJvsxuIp9Y2Jx9z6wrK,0.00020000,0.00020000,BUY,2024-04-13 09:31:00.185,67632.71,0.00000000,BNB
594801452,4961712753,3YEisuFEWcrflhqBk6NeHM,0.00020000,0.00020000,SELL,2024-04-13 09:32:00.149,67543.04,0.00000000,BNB
594805002,4961737177,Vb0EFVCGxRwrHy7hwi1QVO,0.00020000,0.00020000,BUY,2024-04-13 09:33:00.128,67564.4,0.00000000,BNB
594807359,4961755890,QBTpTeTXRt9ZqMRMhWUFPJ,0.00020000,0.00020000,SELL,2024-04-13 09:34:00.376,67564.69,0.00000000,BNB
594810822,4961778395,acnygUNhX6YH9YI4m81qKu,0.00020000,0.00020000,BUY,2024-04-13 09:35:01.081,67569.62,0.00000000,BNB
594813621,4961798284,OwbjziyIhIEFmEGDMdTTda,0.00020000,0.00020000,SELL,2024-04-13 09:36:00.211,67546.18,0.00000000,BNB
594818644,4961820793,x0bF5z6EsOnYLn7VxHSUQ2,0.00020000,0.00020000,BUY,2024-04-13 09:37:00.167,67584.88,0.00000000,BNB
594821156,4961836908,Wotzoue6vosWYbvBmKetYu,0.00020000,0.00020000,SELL,2024-04-13 09:38:00.140,67588.7,0.00000000,BNB
594826542,4961864440,ugsl1YjBNUEyDxeYdGHuxR,0.00020000,0.00020000,BUY,2024-04-13 09:39:00.191,67608.59,0.00000000,BNB
594829397,4961885278,5KcMqymsGZKFw2yJD6bv4u,0.00020000,0.00020000,SELL,2024-04-13 09:40:00.365,67595.04,0.00000000,BNB
594832190,4961903660,lVHrB5CHZxrP6RgNSrziZp,0.00020000,0.00020000,BUY,2024-04-13 09:41:00.184,67537.14,0.00000000,BNB
594835438,4961925862,1kAZMd3CaxFIqIJj5M8QGU,0.00020000,0.00020000,SELL,2024-04-13 09:42:00.135,67522.24,0.00000000,BNB
594837563,4961942122,DRF2En1fEwJOrWP3D77T8Y,0.00020000,0.00020000,BUY,2024-04-13 09:43:00.227,67575.86,0.00000000,BNB
594839963,4961959656,2ceFm6iBVNiqsloxGYl6TA,0.00020000,0.00020000,SELL,2024-04-13 09:44:00.422,67585.0,0.00000000,BNB
594842028,4961975797,QVHQ1mGgfi3qJF4ye6ahA4,0.00020000,0.00020000,BUY,2024-04-13 09:45:00.175,67590.04,0.00000000,BNB
594844646,4961994330,v8savqGqYSL5Q4AkTVR5Sk,0.00020000,0.00020000,SELL,2024-04-13 09:46:00.098,67595.44,0.00000000,BNB
594847172,4962011891,1VisfqlST2r3urMOPPgP06,0.00020000,0.00020000,BUY,2024-04-13 09:47:00.230,67582.55,0.00000000,BNB
594849547,4962029961,NYFF0RRzUuR1pv7VNmBSJF,0.00020000,0.00020000,SELL,2024-04-13 09:48:00.464,67532.12,0.00000000,BNB
594852597,4962052839,Uo6cj5xjsARbDYQ8FHDiRV,0.00020000,0.00020000,BUY,2024-04-13 09:49:00.335,67493.9,0.00000000,BNB
594855084,4962069926,nlnrVyFIVw1thb8DpRjbI3,0.00020000,0.00020000,SELL,2024-04-13 09:50:00.352,67451.24,0.00000000,BNB
594857550,4962087765,1Qb5KP0BjyXiVj6JAK10Ry,0.00020000,0.00020000,BUY,2024-04-13 09:51:00.144,67408.61,0.00000000,BNB
594860454,4962108274,4XZHDfLj63UHHOY6ddfYVv,0.00020000,0.00020000,SELL,2024-04-13 09:52:00.274,67450.0,0.00000000,BNB
594862546,4962124445,1TNwcsd8aHA5zHxY7uw68b,0.00020000,0.00020000,BUY,2024-04-13 09:53:00.236,67461.74,0.00000000,BNB
594864443,4962139657,QpMS4EBhTHy41CsCmHcqCK,0.00020000,0.00020000,SELL,2024-04-13 09:54:00.289,67448.52,0.00000000,BNB
594866071,4962153080,gsGNsSrq9xoU8qJJuE0tkC,0.00020000,0.00020000,BUY,2024-04-13 09:55:00.289,67434.97,0.00000000,BNB
594868443,4962169054,Fepc5iBbefxyAkpVm5xLpY,0.00020000,0.00020000,SELL,2024-04-13 09:56:00.113,67448.02,0.00000000,BNB
594870856,4962186196,Zn3T2qC1m37wqvIMFzyNxg,0.00020000,0.00020000,BUY,2024-04-13 09:57:00.110,67454.72,0.00000000,BNB
594872919,4962201472,i9j0JUdIJ22QUg7GRnrwwv,0.00020000,0.00020000,SELL,2024-04-13 09:58:00.549,67475.42,0.00000000,BNB
594874960,4962216095,c2S4cklczs23ooHJs0x3Oy,0.00020000,0.00020000,BUY,2024-04-13 09:59:00.048,67449.83,0.00000000,BNB
594877480,4962233549,CEyjYj8YOYUQO52IFcqF6s,0.00020000,0.00020000,SELL,2024-04-13 10:00:00.266,67424.14,0.00000000,BNB
594880342,4962252112,EHi1jHPaFXNQNefVCoKsd1,0.00020000,0.00020000,BUY,2024-04-13 10:01:00.145,67423.69,0.00000000,BNB
594883341,4962270489,y8ETNGzRTEK1dxO6IRqA4g,0.00020000,0.00020000,SELL,2024-04-13 10:02:00.184,67452.61,0.00000000,BNB
594886481,4962290100,Yqqmn9zhfetgPaXavP5k09,0.00020000,0.00020000,BUY,2024-04-13 10:03:00.079,67468.13,0.00000000,BNB
594888682,4962307007,8Au0DHEfJpzhAIRgUngoUC,0.00020000,0.00020000,SELL,2024-04-13 10:04:00.417,67483.59,0.00000000,BNB
594891095,4962326148,vDDU6rX4QbiJofuQGMX0Pa,0.00020000,0.00020000,BUY,2024-04-13 10:05:00.246,67425.96,0.00000000,BNB
594896740,4962351243,4o1EwYb2Oa6iApstiMFI63,0.00020000,0.00020000,SELL,2024-04-13 10:06:00.352,67302.4,0.00000000,BNB
594901482,4962392850,QKuVR0dYKKyGZsT1It059q,0.00020000,0.00020000,BUY,2024-04-13 10:07:00.411,67319.5,0.00000000,BNB
594906254,4962429444,MOX3LLpqATPXVc0Yi2jqm5,0.00020000,0.00020000,SELL,2024-04-13 10:08:00.085,67314.97,0.00000000,BNB
594909018,4962452963,rXG4RZnPd7e9geBoGOMLXO,0.00020000,0.00020000,BUY,2024-04-13 10:09:00.279,67326.0,0.00000000,BNB
594912155,4962481038,6dAweGXCYtJ6vWnMl2gh0Q,0.00020000,0.00020000,SELL,2024-04-13 10:10:00.163,67327.43,0.00000000,BNB
594915069,4962507284,6afyiQnV0GtV0LiP5RwR6G,0.00020000,0.00020000,BUY,2024-04-13 10:11:00.435,67368.76,0.00000000,BNB
594917483,4962528314,yyksVxRn1hDoxOQbbBHsOD,0.00020000,0.00020000,SELL,2024-04-13 10:12:00.123,67372.37,0.00000000,BNB
594921229,4962556182,45IgODhySkIkno22FFRgn9,0.00020000,0.00020000,BUY,2024-04-13 10:13:00.334,67282.54,0.00000000,BNB
594925528,4962588199,BYHgyJfwejlPGVELSeKcKC,0.00020000,0.00020000,SELL,2024-04-13 10:14:00.032,67276.2,0.00000000,BNB
594928819,4962618512,yo1gZzNiFgwWT4fbV8s0iQ,0.00020000,0.00020000,BUY,2024-04-13 10:15:00.331,67255.86,0.00000000,BNB
594932079,4962649205,fF5bXuvFu24IZa4XaW7wFH,0.00020000,0.00020000,SELL,2024-04-13 10:16:00.357,67220.21,0.00000000,BNB
594934920,4962675119,U5DuW2Tet4ki9vcfbRRqVK,0.00020000,0.00020000,BUY,2024-04-13 10:17:00.131,67307.92,0.00000000,BNB
594938133,4962700385,83P0vDfhE8xTeSWmJzKO30,0.00020000,0.00020000,SELL,2024-04-13 10:18:00.373,67310.18,0.00000000,BNB
594940811,4962718299,2bdkhhODcLcrgm9usz2aZo,0.00020000,0.00020000,BUY,2024-04-13 10:19:00.078,67339.03,0.00000000,BNB
594944086,4962740889,KXBYyBZL7L2e7NwyeXbsvN,0.00020000,0.00020000,SELL,2024-04-13 10:20:00.195,67323.32,0.00000000,BNB
594948308,4962766745,HFkXDpasYO2e5DKEddX3eI,0.00020000,0.00020000,BUY,2024-04-13 10:21:00.289,67312.0,0.00000000,BNB
594953790,4962798616,TW8iK8kuYZgIeu6LVMJogC,0.00020000,0.00020000,SELL,2024-04-13 10:22:00.413,67232.25,0.00000000,BNB
594957749,4962828463,EWB4YtOzTQW9vtTTlcGWkT,0.00020000,0.00020000,BUY,2024-04-13 10:23:00.686,67163.79,0.00000000,BNB
594961478,4962855734,sYGTQBjuBkXV6pdRxJqxon,0.00020000,0.00020000,SELL,2024-04-13 10:24:00.220,67174.95,0.00000000,BNB
594969101,4962886069,jpzrZSUY9fumC0Aj0brLEf,0.00020000,0.00020000,BUY,2024-04-13 10:25:00.112,67110.82,0.00000000,BNB
594974971,4962925772,s8quUfUPkAMezeEfmUkt5K,0.00020000,0.00020000,SELL,2024-04-13 10:26:00.377,67161.29,0.00000000,BNB
594978912,4962956558,wrKTwgUVzSpdNrm3mYCHXN,0.00020000,0.00020000,BUY,2024-04-13 10:27:00.325,67174.21,0.00000000,BNB
594983373,4962989485,QXk8SedIDxxlYBhqUp5A0X,0.00020000,0.00020000,SELL,2024-04-13 10:28:00.276,67135.17,0.00000000,BNB
594987138,4963018488,6GqcT3QqO5E47rXf7VqMBB,0.00020000,0.00020000,BUY,2024-04-13 10:29:00.399,67194.12,0.00000000,BNB
594990037,4963036932,b3z6Uzw7mdhfeEklEIXCsL,0.00020000,0.00020000,SELL,2024-04-13 10:30:00.302,67164.27,0.00000000,BNB
594993860,4963064229,lmV6JFcoTdzTR479qN7efB,0.00020000,0.00020000,BUY,2024-04-13 10:31:00.170,67255.51,0.00000000,BNB
594997651,4963093790,eggk53gg1jhLjFvSWHFzZL,0.00020000,0.00020000,SELL,2024-04-13 10:32:00.073,67292.48,0.00000000,BNB
595001607,4963121032,JSuixvLfUxGqeJPdrGmmFP,0.00020000,0.00020000,BUY,2024-04-13 10:33:00.284,67250.9,0.00000000,BNB
595004544,4963144187,Ln8XeVrkPKL273vbDz21xX,0.00020000,0.00020000,SELL,2024-04-13 10:34:00.333,67283.92,0.00000000,BNB
595007547,4963165792,ihrPEQ4H6BuH9b6lluBWkJ,0.00020000,0.00020000,BUY,2024-04-13 10:35:00.366,67291.65,0.00000000,BNB
595010528,4963192159,KmGExGv1ev2O6bBAK40faM,0.00020000,0.00020000,SELL,2024-04-13 10:36:00.217,67257.8,0.00000000,BNB
595013505,4963213434,j8jP0gEIZGJ0FxxhRHB0O6,0.00020000,0.00020000,BUY,2024-04-13 10:37:00.092,67277.98,0.00000000,BNB
595016085,4963233502,jdoVCHp1LFwIvRrov3eHH8,0.00020000,0.00020000,SELL,2024-04-13 10:38:00.303,67305.39,0.00000000,BNB
595018309,4963250891,elGZ1c4UxEDwWdb5LYI15U,0.00020000,0.00020000,BUY,2024-04-13 10:39:00.230,67307.37,0.00000000,BNB
595020798,4963270528,mGioZx9hUhFSpHsfzN97kH,0.00020000,0.00020000,SELL,2024-04-13 10:40:00.232,67322.43,0.00000000,BNB
595022579,4963284570,XNMr5SorqpwalvgDwBalZd,0.00020000,0.00020000,BUY,2024-04-13 10:41:00.088,67357.59,0.00000000,BNB
595025136,4963301567,e6zvZVesz2g1DGj8sdrNFI,0.00020000,0.00020000,SELL,2024-04-13 10:42:00.157,67310.03,0.00000000,BNB
595028751,4963323028,lAdcEdd5thizNpQNlh5Q4d,0.00020000,0.00020000,BUY,2024-04-13 10:43:00.213,67304.42,0.00000000,BNB
595031607,4963340818,hTuP5ytbJlMcm3DLtiAgzi,0.00020000,0.00020000,SELL,2024-04-13 10:44:00.337,67359.99,0.00000000,BNB
595034190,4963355969,4uZ7rQJzqUBFlzeZX9iig4,0.00020000,0.00020000,BUY,2024-04-13 10:45:00.186,67320.17,0.00000000,BNB
595039419,4963386295,mz4Zawtvy1zjBEprpO8JNw,0.00020000,0.00020000,SELL,2024-04-13 10:46:00.300,67202.22,0.00000000,BNB
595042871,4963414396,5e2cKKR91A1IQCNThZv2cA,0.00020000,0.00020000,BUY,2024-04-13 10:47:00.172,67256.84,0.00000000,BNB
595046454,4963441616,BRnjaVaqnoBNd0GDLYoUiS,0.00020000,0.00020000,SELL,2024-04-13 10:48:00.087,67269.6,0.00000000,BNB
595049501,4963462921,vSFeY37izKa4a5FD4J7aoD,0.00020000,0.00020000,BUY,2024-04-13 10:49:00.381,67302.52,0.00000000,BNB
595052110,4963483153,FBufJALj8FAre1bKQFzmzj,0.00020000,0.00020000,SELL,2024-04-13 10:50:00.391,67244.12,0.00000000,BNB
595055428,4963507329,jmvu4T4dVAlfeRnyq2vU7X,0.00020000,0.00020000,BUY,2024-04-13 10:51:00.100,67275.99,0.00000000,BNB
595058337,4963529279,f1clhvD87XNqV0oqv3OKtb,0.00020000,0.00020000,SELL,2024-04-13 10:52:00.389,67259.04,0.00000000,BNB
595062325,4963557564,Yyo9onimX8CwdUBHsY9YGB,0.00020000,0.00020000,BUY,2024-04-13 10:53:00.408,67188.47,0.00000000,BNB
595065276,4963581083,TjWgXXsJLy9ethkvUr3b7i,0.00020000,0.00020000,SELL,2024-04-13 10:54:00.112,67263.03,0.00000000,BNB
595068407,4963603677,uVTytTi8NTSGkfNtEIQRe0,0.00020000,0.00020000,BUY,2024-04-13 10:55:00.169,67263.52,0.00000000,BNB
595071662,4963627949,BWMeTePdEJeUcRfEZKdRvZ,0.00020000,0.00020000,SELL,2024-04-13 10:56:00.268,67171.95,0.00000000,BNB
595076109,4963658307,fOqCGb3NYfOOO87IbAwFci,0.00020000,0.00020000,BUY,2024-04-13 10:57:00.427,67156.16,0.00000000,BNB
595080389,4963688269,SGul90vLPQdQdQAP6thu6G,0.00020000,0.00020000,SELL,2024-04-13 10:58:00.273,67168.47,0.00000000,BNB
595083433,4963712317,FIhiZXYKK4IhTem8rHbxk5,0.00020000,0.00020000,BUY,2024-04-13 10:59:00.465,67212.52,0.00000000,BNB
595085802,4963730614,b5FCQ9jrv58p4bYKVcTAD3,0.00020000,0.00020000,SELL,2024-04-13 11:00:00.536,67214.62,0.00000000,BNB
595089286,4963755098,Qyi29hRGUblbE2BYf4XdaB,0.00020000,0.00020000,BUY,2024-04-13 11:01:00.383,67149.07,0.00000000,BNB
595094635,4963776344,PdICyvkR4zA4X5DGdEWTKt,0.00020000,0.00020000,SELL,2024-04-13 11:02:00.039,67058.5,0.00000000,BNB
595098950,4963796891,UFIPzHEwbf6uTrwg3vdRUK,0.00020000,0.00020000,BUY,2024-04-13 11:03:00.062,67090.54,0.00000000,BNB
595103788,4963829567,IxCPGymvViTbiFOLZtDXaK,0.00020000,0.00020000,SELL,2024-04-13 11:04:00.302,67119.42,0.00000000,BNB
595108943,4963867048,XRC88ZcrlpXEhaMehE8oFl,0.00020000,0.00020000,BUY,2024-04-13 11:05:00.163,67066.17,0.00000000,BNB
595115644,4963912263,832qwWmC4krriMp4m7unEd,0.00020000,0.00020000,SELL,2024-04-13 11:06:00.271,66993.61,0.00000000,BNB
595121639,4963960358,JdeM6J1FZeuWENjxTdfjxr,0.00020000,0.00020000,BUY,2024-04-13 11:07:00.327,67029.3,0.00000000,BNB
595126813,4964004096,Feg1Daln7VeXLK2WxRR9OS,0.00020000,0.00020000,SELL,2024-04-13 11:08:00.199,66997.43,0.00000000,BNB
595131423,4964046523,Mv0ISLn4jxcarnLdOoN8Y9,0.00020000,0.00020000,BUY,2024-04-13 11:09:00.163,67016.79,0.00000000,BNB
595135602,4964082315,dtsP99Y1KFEdFvoe2uKuvj,0.00020000,0.00020000,SELL,2024-04-13 11:10:00.206,66981.65,0.00000000,BNB
595139892,4964119231,7U2tS2FUhjau9LFTvbvK4o,0.00020000,0.00020000,BUY,2024-04-13 11:11:00.629,66939.85,0.00000000,BNB
595145238,4964160109,ItdRqW0GpIisJqNyIL2qD9,0.00020000,0.00020000,SELL,2024-04-13 11:12:00.410,67024.8,0.00000000,BNB
595149491,4964196536,ITB7goyMmIwm75Q9o465Q6,0.00020000,0.00020000,BUY,2024-04-13 11:13:00.039,67011.37,0.00000000,BNB
595153621,4964227931,Uf2tLllpBkSPXYdqDI2wOl,0.00020000,0.00020000,SELL,2024-04-13 11:14:00.215,66990.4,0.00000000,BNB
595158826,4964258351,jQ5pjLx8mEowkxhdQgcKlW,0.00020000,0.00020000,BUY,2024-04-13 11:15:00.233,66872.31,0.00000000,BNB
595163124,4964279064,hEUjSf3StVYhx50JNeSY6H,0.00020000,0.00020000,SELL,2024-04-13 11:16:00.221,66853.02,0.00000000,BNB
595172111,4964314480,MvC0llFkyvDhXHjLWUcrb6,0.00020000,0.00020000,BUY,2024-04-13 11:17:00.382,66698.69,0.00000000,BNB
595182314,4964350062,4vrrRb5ClHUNf4aSJcXC0z,0.00020000,0.00020000,SELL,2024-04-13 11:18:00.049,66696.44,0.00000000,BNB
595193102,4964403911,ldvCulgIKToDRlDa3AujTn,0.00020000,0.00020000,BUY,2024-04-13 11:19:00.110,66739.17,0.00000000,BNB
595199169,4964445481,6gU55PMSyW1yKIFOaX1sWL,0.00020000,0.00020000,SELL,2024-04-13 11:20:00.219,66734.8,0.00000000,BNB
595203787,4964481545,wgptG3EVFUBWoREFpuDot4,0.00020000,0.00020000,BUY,2024-04-13 11:21:00.126,66787.79,0.00000000,BNB
595207372,4964514948,wP0K31nYXEnAb51JDfp1f7,0.00020000,0.00020000,SELL,2024-04-13 11:22:00.071,66792.27,0.00000000,BNB
595211139,4964549743,eKPkCtogBP4S5PhR9I4K2h,0.00020000,0.00020000,BUY,2024-04-13 11:23:00.155,66694.6,0.00000000,BNB
595216282,4964592737,B8TcAsHwFjZH9IcQ1rD5E5,0.00020000,0.00020000,SELL,2024-04-13 11:24:00.288,66748.37,0.00000000,BNB
595221700,4964628071,hH14C3quIm5YFjairHZZI9,0.00020000,0.00020000,BUY,2024-04-13 11:25:00.204,66703.97,0.00000000,BNB
595226277,4964662964,V1NeIdX6AfUlpiZabgwfsa,0.00020000,0.00020000,SELL,2024-04-13 11:26:00.102,66640.14,0.00000000,BNB
595233281,4964705746,N6vxVi3iINlxNrL8XW7Cyl,0.00020000,0.00020000,BUY,2024-04-13 11:27:00.306,66697.27,0.00000000,BNB
595239285,4964748044,7RAojxwHRgLAA0Q60it6BL,0.00020000,0.00020000,SELL,2024-04-13 11:28:00.232,66619.91,0.00000000,BNB
595248180,4964797745,iqWYKA0zguPZENVbkKVTa7,0.00020000,0.00020000,BUY,2024-04-13 11:29:00.147,66556.44,0.00000000,BNB
595255235,4964847047,WVDdkGLMZixm7ZVuEJycG3,0.00020000,0.00020000,SELL,2024-04-13 11:30:00.263,66630.7,0.00000000,BNB
595262566,4964892065,SZksCe0VQAj6wcqT9dSkfS,0.00020000,0.00020000,BUY,2024-04-13 11:31:00.040,66744.0,0.00000000,BNB
595267738,4964935953,fpebd8mLJ4dfTqoKVLmZzc,0.00020000,0.00020000,SELL,2024-04-13 11:32:00.333,66729.65,0.00000000,BNB
595271790,4964970540,zAJgO4PBZuESiPHhmbzkK4,0.00020000,0.00020000,BUY,2024-04-13 11:33:00.011,66810.1,0.00000000,BNB
595275695,4965001037,TV6DTfdp05S9sQI9ze60Q5,0.00020000,0.00020000,SELL,2024-04-13 11:34:00.119,66796.46,0.00000000,BNB
595280196,4965035539,hCkhTw6SaS6bRpn7lH2huF,0.00020000,0.00020000,BUY,2024-04-13 11:35:00.353,66839.08,0.00000000,BNB
595284359,4965068911,LR1WmI4Ad3qeL4MDmxzakm,0.00020000,0.00020000,SELL,2024-04-13 11:36:00.199,66747.38,0.00000000,BNB
595289925,4965109850,NlM47sllYQylsZyRBMkjRJ,0.00020000,0.00020000,BUY,2024-04-13 11:37:00.296,66603.46,0.00000000,BNB
595295814,4965141049,RdlSXl9Wz1FJM1rVSD6tsE,0.00020000,0.00020000,SELL,2024-04-13 11:38:00.025,66590.13,0.00000000,BNB
595300392,4965161707,0H6mew5zuGoNDozK9fPksb,0.00020000,0.00020000,BUY,2024-04-13 11:39:00.311,66530.54,0.00000000,BNB
595306750,4965188853,7YDfIq0oO5FM7Pj0TXf4ck,0.00020000,0.00020000,SELL,2024-04-13 11:40:00.144,66570.4,0.00000000,BNB
595312581,4965208629,XtU5aRLyTyObH1xToL5mC1,0.00020000,0.00020000,BUY,2024-04-13 11:41:00.435,66520.0,0.00000000,BNB
595317526,4965229710,wCpkXrlWejifi6ToVnrZN4,0.00020000,0.00020000,SELL,2024-04-13 11:42:00.367,66668.13,0.00000000,BNB
595323023,4965256290,tgboW53F0mNEzciSLfkwq8,0.00020000,0.00020000,BUY,2024-04-13 11:43:00.112,66727.05,0.00000000,BNB
595329586,4965296426,deZnQvkAbH1kBbzqrbH44m,0.00020000,0.00020000,SELL,2024-04-13 11:44:00.199,66746.86,0.00000000,BNB
595334390,4965334607,nwQzJzuL44mcPTRO3DiBYZ,0.00020000,0.00020000,BUY,2024-04-13 11:45:00.164,66840.0,0.00000000,BNB
595342486,4965385855,dzRkXFVlZ6YRF4as3cHboP,0.00020000,0.00020000,SELL,2024-04-13 11:46:00.265,66756.08,0.00000000,BNB
595347895,4965431331,73JeaFpSFht3DVrRpOqv8i,0.00020000,0.00020000,BUY,2024-04-13 11:47:00.185,66795.71,0.00000000,BNB
595353618,4965474321,d2ggoQ2nWJWWuKBrNp1ABv,0.00020000,0.00020000,SELL,2024-04-13 11:48:00.120,66896.36,0.00000000,BNB
595359897,4965518736,e2K2XpuSljHxbydLJupfZq,0.00020000,0.00020000,BUY,2024-04-13 11:49:00.410,66787.95,0.00000000,BNB
595364596,4965555941,Lt4gWackjGTvcjI21fDfEK,0.00020000,0.00020000,SELL,2024-04-13 11:50:00.318,66868.67,0.00000000,BNB
595369674,4965595664,6ybnAGnyKVrNVHc9Brfr3S,0.00020000,0.00020000,BUY,2024-04-13 11:51:00.483,66871.54,0.00000000,BNB
595375502,4965637987,Ewtx2RNpLSJM3JimeFZX26,0.00020000,0.00020000,SELL,2024-04-13 11:52:00.762,66798.22,0.00000000,BNB
595379450,4965669095,EDi6SusrLT3sU4ReSa73Zs,0.00020000,0.00020000,BUY,2024-04-13 11:53:00.714,66780.74,0.00000000,BNB
595382816,4965697655,yMLTUsKNPPP77Lulvq7Dh3,0.00020000,0.00020000,SELL,2024-04-13 11:54:00.245,66782.17,0.00000000,BNB
595386848,4965728915,3LuasZnFshbEJGtfDTz80T,0.00020000,0.00020000,BUY,2024-04-13 11:55:00.444,66739.85,0.00000000,BNB
