Precio_Entrada,Tiempo_Entrada,Precio_Salida,Tiempo_Salida,Perdida,Metodo,Cantidad_Trade
30831.91,2023-07-05 01:39:23.812875,30830.41,2023-07-05 01:39:24.391860,-0.0075,SEÑAL,0.005
30831.39,2023-07-05 01:39:29.031423,30830.0,2023-07-05 01:39:51.304579,-0.00694999999999709,SEÑAL,0.005
30832.23,2023-07-05 01:40:05.696021,30830.25,2023-07-05 01:40:20.161085,-0.009899999999997817,SEÑAL,0.005
30832.95,2023-07-05 01:40:36.037189,30832.01,2023-07-05 01:40:36.855562,-0.004700000000011642,SEÑAL,0.005
30833.4,2023-07-05 01:40:38.312135,30832.31,2023-07-05 01:40:38.886105,-0.005450000000000728,SEÑAL,0.005
30833.03,2023-07-05 01:40:40.282804,30832.31,2023-07-05 01:40:40.860207,-0.003599999999987631,SEÑAL,0.005
30832.91,2023-07-05 01:40:42.621872,30832.43,2023-07-05 01:40:43.415563,-0.002399999999997817,SEÑAL,0.005
30832.41,2023-07-05 01:40:44.568629,30832.17,2023-07-05 01:40:57.159931,-0.0012000000000080035,SEÑAL,0.005
30802.84,2023-07-05 01:49:39.747354,30802.11,2023-07-05 01:50:00.052125,-0.0036499999999978173,SEÑAL,0.005
30802.55,2023-07-05 01:50:01.266819,30802.24,2023-07-05 01:50:02.058285,-0.0015499999999883584,SEÑAL,0.005
30800.97,2023-07-05 01:50:04.068420,30800.4,2023-07-05 01:50:05.044931,-0.0028499999999985447,SEÑAL,0.005
30801.02,2023-07-05 01:50:06.644709,30800.97,2023-07-05 01:50:07.270497,-0.000249999999996362,SEÑAL,0.005
30805.17,2023-07-05 01:51:07.900108,30805.16,2023-07-05 01:51:08.990784,-4.999999999199645e-05,SEÑAL,0.005
30809.5,2023-07-05 01:51:10.500612,30808.41,2023-07-05 01:51:11.427423,-0.005450000000000728,UMBRAL_PERDIDA,0.005
30811.27,2023-07-05 01:51:14.975039,30810.01,2023-07-05 01:51:16.093553,-0.006300000000010186,UMBRAL_PERDIDA,0.005
30811.71,2023-07-05 01:51:17.584830,30810.19,2023-07-05 01:51:18.095571,-0.007600000000002183,UMBRAL_PERDIDA,0.005
30812.27,2023-07-05 01:51:19.343880,30810.67,2023-07-05 01:51:19.908170,-0.008000000000010913,UMBRAL_PERDIDA,0.005
30810.92,2023-07-05 01:51:21.157232,30809.06,2023-07-05 01:51:21.672330,-0.009299999999984722,UMBRAL_PERDIDA,0.005
30809.29,2023-07-05 01:51:58.219960,30795.87,2023-07-05 01:56:09.124151,-0.06710000000000946,UMBRAL_PERDIDA,0.005
30403.4,2023-07-05 14:37:13.291381,30399.8,2023-07-05 14:38:13.854759,-0.018000000000010914,SEÑAL,0.005
30419.52,2023-07-05 14:40:11.420422,30418.31,2023-07-05 14:40:12.023512,-0.006049999999995634,UMBRAL_PERDIDA,0.005
30428.8,2023-07-05 14:41:42.893277,30422.21,2023-07-05 14:41:49.178525,-0.03295000000000073,UMBRAL_PERDIDA,0.005
30442.26,2023-07-05 14:42:50.350049,30438.39,2023-07-05 14:43:16.511703,-0.019349999999994906,UMBRAL_PERDIDA,0.005
30443.58,2023-07-05 14:45:58.154908,30436.35,2023-07-05 14:46:08.212508,-0.03615000000001601,UMBRAL_PERDIDA,0.005
30416.81,2023-07-05 14:47:25.543998,30404.26,2023-07-05 14:47:42.382401,-0.06275000000001456,UMBRAL_PERDIDA,0.005
30396.71,2023-07-05 14:48:23.166536,30386.37,2023-07-05 14:48:32.903299,-0.05170000000000073,UMBRAL_PERDIDA,0.005
30398.22,2023-07-05 14:48:39.971358,30395.21,2023-07-05 14:48:40.930562,-0.015050000000010187,UMBRAL_PERDIDA,0.005
30397.05,2023-07-05 14:48:42.258101,30387.55,2023-07-05 14:50:10.693916,-0.0475,UMBRAL_PERDIDA,0.005
30427.38,2023-07-05 14:52:28.813074,30421.24,2023-07-05 14:52:58.564318,-0.03069999999999709,SEÑAL,0.005
30415.46,2023-07-05 14:56:14.020923,30409.27,2023-07-05 14:56:50.826362,-0.03094999999999345,UMBRAL_PERDIDA,0.005
30425.26,2023-07-05 15:00:09.724376,30416.45,2023-07-05 15:00:22.979719,-0.04404999999998836,UMBRAL_PERDIDA,0.005
30418.82,2023-07-05 15:00:49.951592,30418.02,2023-07-05 15:00:53.058675,-0.003999999999996362,SEÑAL,0.005
30418.84,2023-07-05 15:00:54.149476,30417.88,2023-07-05 15:00:55.336892,-0.004799999999995634,SEÑAL,0.005
30418.41,2023-07-05 15:00:57.172635,30418.14,2023-07-05 15:00:58.330384,-0.0013500000000021828,SEÑAL,0.005
30391.13,2023-07-05 15:02:27.771041,30389.22,2023-07-05 15:02:30.828578,-0.009549999999999273,SEÑAL,0.005
30393.94,2023-07-05 15:02:32.289452,30391.96,2023-07-05 15:02:33.415839,-0.009899999999997817,SEÑAL,0.005
30399.0,2023-07-05 15:02:41.091800,30396.12,2023-07-05 15:02:50.722257,-0.014400000000005093,UMBRAL_PERDIDA,0.005
30397.37,2023-07-05 15:03:58.174195,30385.03,2023-07-05 15:04:18.593047,-0.061700000000000726,UMBRAL_PERDIDA,0.005
30383.71,2023-07-05 15:04:55.607860,30383.41,2023-07-05 15:04:58.761761,-0.001499999999996362,SEÑAL,0.005
30384.96,2023-07-05 15:05:00.476801,30383.46,2023-07-05 15:05:01.331713,-0.0075,SEÑAL,0.005
30384.9,2023-07-05 15:05:03.065472,30377.33,2023-07-05 15:05:32.440792,-0.037849999999998545,UMBRAL_PERDIDA,0.005
30383.59,2023-07-05 15:05:49.881677,30382.89,2023-07-05 15:06:36.594085,-0.0035000000000036382,UMBRAL_PERDIDA,0.005
30356.35,2023-07-05 15:09:58.601759,30342.94,2023-07-05 15:10:11.766589,-0.06704999999999928,UMBRAL_PERDIDA,0.005
30360.43,2023-07-05 15:10:22.262621,30358.64,2023-07-05 15:10:23.189146,-0.008950000000004366,UMBRAL_PERDIDA,0.005
30362.0,2023-07-05 15:10:24.669184,30359.95,2023-07-05 15:10:25.206964,-0.010249999999996363,UMBRAL_PERDIDA,0.005
30360.64,2023-07-05 15:10:27.064748,30355.5,2023-07-05 15:11:12.481993,-0.02569999999999709,SEÑAL,0.005
30376.27,2023-07-05 15:13:48.432012,30372.89,2023-07-05 15:14:04.463604,-0.016900000000005095,UMBRAL_PERDIDA,0.005
30327.1,2023-07-05 15:15:59.222181,30310.38,2023-07-05 15:16:46.182694,-0.08359999999998763,UMBRAL_PERDIDA,0.005
30314.38,2023-07-05 15:17:23.424035,30298.7,2023-07-05 15:17:36.710086,-0.07840000000000145,UMBRAL_PERDIDA,0.005
30295.38,2023-07-05 15:18:37.954491,30291.97,2023-07-05 15:18:38.456238,-0.017049999999999274,UMBRAL_PERDIDA,0.005
30295.42,2023-07-05 15:18:40.030719,30293.36,2023-07-05 15:18:41.413457,-0.010299999999988358,UMBRAL_PERDIDA,0.005
30288.09,2023-07-05 15:18:43.636321,30280.62,2023-07-05 15:18:51.000326,-0.03735000000000582,UMBRAL_PERDIDA,0.005
30325.36,2023-07-05 15:21:12.840753,30322.75,2023-07-05 15:21:26.004891,-0.01305000000000291,SEÑAL,0.005
30355.86,2023-07-05 15:25:52.896988,30354.28,2023-07-05 15:25:53.399042,-0.007900000000008732,UMBRAL_PERDIDA,0.005
30356.62,2023-07-05 15:25:54.735414,30355.95,2023-07-05 15:25:55.968428,-0.003349999999991269,UMBRAL_PERDIDA,0.005
30357.3,2023-07-05 15:25:57.805807,30350.51,2023-07-05 15:26:09.809230,-0.033950000000004366,UMBRAL_PERDIDA,0.005
30346.11,2023-07-05 15:26:57.395627,30341.08,2023-07-05 15:27:03.690697,-0.02514999999999418,UMBRAL_PERDIDA,0.005
30358.84,2023-07-05 15:28:48.393275,30355.86,2023-07-05 15:29:08.120350,-0.014899999999997818,SEÑAL,0.005
30340.92,2023-07-05 15:31:46.169088,30334.53,2023-07-05 15:32:06.415913,-0.03194999999999709,UMBRAL_PERDIDA,0.005
30304.74,2023-07-05 15:33:37.375333,30285.11,2023-07-05 15:33:57.366770,-0.0981500000000051,UMBRAL_PERDIDA,0.005
30307.03,2023-07-05 15:34:11.135381,30305.28,2023-07-05 15:34:11.657597,-0.00875,UMBRAL_PERDIDA,0.005
30310.2,2023-07-05 15:34:12.850162,30305.2,2023-07-05 15:34:13.993754,-0.025,UMBRAL_PERDIDA,0.005
30308.7,2023-07-05 15:34:15.825656,30306.37,2023-07-05 15:34:16.792690,-0.011650000000008731,UMBRAL_PERDIDA,0.005
30319.52,2023-07-05 15:36:19.022735,30318.43,2023-07-05 15:36:19.497855,-0.005450000000000728,UMBRAL_PERDIDA,0.005
30317.15,2023-07-05 15:36:20.663927,30308.31,2023-07-05 15:36:39.327035,-0.04420000000000073,UMBRAL_PERDIDA,0.005
30288.6,2023-07-05 15:38:08.809363,30272.88,2023-07-05 15:38:30.214595,-0.07859999999998764,UMBRAL_PERDIDA,0.005
30288.76,2023-07-05 15:38:40.809467,30269.35,2023-07-05 15:38:50.477399,-0.09704999999999928,UMBRAL_PERDIDA,0.005
30272.9,2023-07-05 15:39:24.805491,30267.61,2023-07-05 15:39:25.675233,-0.026450000000004366,UMBRAL_PERDIDA,0.005
30271.51,2023-07-05 15:39:30.051747,30268.91,2023-07-05 15:39:30.911439,-0.012999999999992724,UMBRAL_PERDIDA,0.005
30290.86,2023-07-05 15:41:05.608692,30288.8,2023-07-05 15:41:06.140565,-0.010300000000006549,UMBRAL_PERDIDA,0.005
30292.76,2023-07-05 15:41:07.596267,30291.26,2023-07-05 15:41:08.709150,-0.0075,UMBRAL_PERDIDA,0.005
30294.73,2023-07-05 15:41:10.657390,30291.0,2023-07-05 15:41:11.432907,-0.018649999999997818,UMBRAL_PERDIDA,0.005
30338.53,2023-07-05 15:43:36.812726,30336.59,2023-07-05 15:43:37.909197,-0.009699999999993452,UMBRAL_PERDIDA,0.005
30338.3,2023-07-05 15:43:39.314718,30335.47,2023-07-05 15:43:40.583536,-0.014149999999990542,UMBRAL_PERDIDA,0.005
30338.75,2023-07-05 15:43:42.210411,30326.04,2023-07-05 15:43:50.023148,-0.06354999999999564,UMBRAL_PERDIDA,0.005
30342.72,2023-07-05 15:44:23.952604,30333.45,2023-07-05 15:44:36.925532,-0.04635000000000218,UMBRAL_PERDIDA,0.005
30353.0,2023-07-05 15:45:21.203638,30352.08,2023-07-05 15:45:21.759497,-0.004599999999991269,UMBRAL_PERDIDA,0.005
30354.47,2023-07-05 15:45:23.126120,30350.04,2023-07-05 15:45:24.074079,-0.022150000000001457,UMBRAL_PERDIDA,0.005
30343.55,2023-07-05 15:47:59.374472,30340.62,2023-07-05 15:48:33.152056,-0.014650000000001455,SEÑAL,0.005
30339.18,2023-07-05 15:50:54.589990,30336.72,2023-07-05 15:50:55.373469,-0.012299999999995634,UMBRAL_PERDIDA,0.005
30337.53,2023-07-05 15:50:56.969393,30337.22,2023-07-05 15:50:57.793155,-0.0015499999999883584,UMBRAL_PERDIDA,0.005
30340.74,2023-07-05 15:50:59.550121,30340.13,2023-07-05 15:51:48.208844,-0.0030500000000029106,SEÑAL,0.005
30369.5,2023-07-05 15:53:09.118216,30360.39,2023-07-05 15:53:25.712669,-0.045550000000002915,UMBRAL_PERDIDA,0.005
30364.96,2023-07-05 15:54:23.744601,30359.62,2023-07-05 15:54:33.228345,-0.026700000000000727,UMBRAL_PERDIDA,0.005
30430.37,2023-07-05 16:34:18.526475,30426.06,2023-07-05 16:34:41.379416,-0.02154999999998836,1P,0.005
30434.36,2023-07-05 16:35:08.676317,30427.73,2023-07-05 16:35:21.776704,-0.03315000000000509,1P,0.005
30434.29,2023-07-05 16:35:35.424991,30424.87,2023-07-05 16:36:08.878653,-0.04710000000000946,1P,0.005
30442.92,2023-07-05 16:40:45.189886,30434.51,2023-07-05 16:40:58.178811,-0.042049999999999275,1P,0.005
30442.72,2023-07-05 16:44:47.696314,30433.32,2023-07-05 16:45:17.873743,-0.04700000000000728,1P,0.005
30436.36,2023-07-05 16:50:15.653305,30425.16,2023-07-05 16:50:32.223405,-0.05600000000000364,1P,0.005
30468.51,2023-07-05 16:58:41.758082,30459.39,2023-07-05 16:59:08.394469,-0.04559999999999491,1P,0.005
30464.23,2023-07-05 17:00:02.538060,30460.61,2023-07-05 17:00:52.387806,-0.01809999999999491,1P,0.005
30476.19,2023-07-05 17:05:25.344362,30472.71,2023-07-05 17:06:05.807547,-0.017399999999997817,1P,0.005
30525.07,2023-07-05 17:08:30.867014,30521.94,2023-07-05 17:08:32.014610,-0.015650000000005094,1P,0.005
30518.43,2023-07-05 17:08:33.195517,30515.42,2023-07-05 17:08:47.490486,-0.015050000000010187,1P,0.005
30516.55,2023-07-05 17:13:13.619140,30510.12,2023-07-05 17:14:27.420057,-0.032150000000001455,1P,0.005
30495.41,2023-07-05 17:15:38.229799,30487.66,2023-07-05 17:16:15.028551,-0.03875,1P,0.005
30494.68,2023-07-05 17:17:06.404904,30494.35,2023-07-05 17:17:07.219221,-0.0016500000000087313,1P,0.005
30494.98,2023-07-05 17:17:08.330175,30494.22,2023-07-05 17:17:09.962099,-0.0037999999999919964,1P,0.005
30495.41,2023-07-05 17:17:12.334622,30485.53,2023-07-05 17:17:46.308391,-0.04940000000000509,1P,0.005
30488.2,2023-07-05 17:18:23.573490,30487.51,2023-07-05 17:20:01.008578,-0.0034500000000116417,2G,0.005
30518.7,2023-07-05 17:24:24.968185,30515.9,2023-07-05 17:24:41.107519,-0.013999999999996363,1P,0.005
30567.28,2023-07-05 17:28:17.746922,30566.86,2023-07-05 17:28:18.603368,-0.002099999999991269,1P,0.005
30571.0,2023-07-05 17:28:19.928572,30570.92,2023-07-05 17:28:21.355816,-0.00040000000000873115,1P,0.005
30574.82,2023-07-05 17:28:23.227063,30574.37,2023-07-05 17:28:24.919033,-0.002250000000003638,1P,0.005
30578.19,2023-07-05 17:29:18.414681,30574.89,2023-07-05 17:29:19.295754,-0.01649999999999636,1P,0.005
30573.12,2023-07-05 17:29:20.956884,30557.01,2023-07-05 17:30:05.415131,-0.08055000000000291,1P,0.005
30542.01,2023-07-05 17:31:02.934347,30533.34,2023-07-05 17:31:09.415970,-0.04334999999999127,1P,0.005
30517.49,2023-07-05 17:32:06.696436,30509.66,2023-07-05 17:32:40.202282,-0.03915000000000873,1P,0.005
30527.4,2023-07-05 17:36:50.908850,30519.54,2023-07-05 17:37:24.488537,-0.03930000000000291,1P,0.005
30528.46,2023-07-05 17:38:01.916779,30518.61,2023-07-05 17:38:18.195267,-0.04924999999999272,1P,0.005
30525.38,2023-07-05 17:39:08.509601,30507.94,2023-07-05 17:40:14.593983,-0.08720000000001164,1P,0.005
30513.21,2023-07-05 17:44:03.182021,30510.01,2023-07-05 17:45:10.134045,-0.01600000000000364,1P,0.005
30517.71,2023-07-05 17:47:39.481840,30500.29,2023-07-05 17:53:43.636491,-0.08709999999999127,1P,0.005
30517.38,2023-07-05 17:54:00.546401,30512.66,2023-07-05 17:54:47.344378,-0.02360000000000582,1P,0.005
30511.01,2023-07-05 17:54:54.949090,30506.21,2023-07-05 17:55:21.393894,-0.02399999999999636,1P,0.005
30530.0,2023-07-05 18:00:12.791998,30526.52,2023-07-05 18:00:25.720292,-0.017399999999997817,1P,0.005
30539.65,2023-07-05 18:03:14.494616,30530.75,2023-07-05 18:03:23.951872,-0.04450000000000728,1P,0.005
30520.69,2023-07-05 18:04:08.536793,30508.44,2023-07-05 18:04:44.936061,-0.06125,1P,0.005
30546.25,2023-07-05 18:11:29.215951,30538.97,2023-07-05 18:12:42.810158,-0.03639999999999418,1P,0.005
30542.24,2023-07-05 18:13:27.685268,30535.98,2023-07-05 18:13:47.126460,-0.03130000000001019,1P,0.005
30541.72,2023-07-05 18:14:52.514054,30533.5,2023-07-05 18:15:09.159691,-0.04110000000000582,1P,0.005
30530.41,2023-07-05 18:16:24.173413,30520.73,2023-07-05 18:16:48.117302,-0.048400000000001456,1P,0.005
30531.01,2023-07-05 18:18:25.823344,30523.37,2023-07-05 18:19:09.378501,-0.03819999999999709,1P,0.005
30528.14,2023-07-05 18:20:07.921053,30519.4,2023-07-05 18:21:22.918089,-0.043699999999989816,1P,0.005
30513.85,2023-07-05 18:22:58.431293,30506.49,2023-07-05 18:24:15.376583,-0.03679999999998472,1P,0.005
30504.71,2023-07-05 18:25:12.987928,30502.04,2023-07-05 18:26:10.025089,-0.01334999999999127,2G,0.005
30508.52,2023-07-05 18:26:50.668417,30471.55,2023-07-05 18:27:13.641900,-0.18485000000000582,1P,0.005
30476.95,2023-07-05 18:27:58.401068,30462.37,2023-07-05 18:28:21.126725,-0.07290000000000874,1P,0.005
30467.45,2023-07-05 18:28:58.363510,30461.97,2023-07-05 18:30:15.343068,-0.02739999999999782,1P,0.005
30480.16,2023-07-05 18:32:01.281216,30476.49,2023-07-05 18:34:07.767443,-0.01834999999999127,1P,0.005
30480.32,2023-07-05 18:35:02.528799,30478.59,2023-07-05 18:35:04.986229,-0.008649999999997817,1P,0.005
30481.95,2023-07-05 18:35:06.166533,30480.06,2023-07-05 18:35:07.422189,-0.00944999999999709,1P,0.005
30481.91,2023-07-05 18:35:09.484750,30474.5,2023-07-05 18:35:21.894460,-0.03704999999999927,1P,0.005
30465.76,2023-07-05 18:39:18.316869,30459.15,2023-07-05 18:39:41.528360,-0.033049999999984724,1P,0.005
30465.74,2023-07-05 18:44:02.758256,30457.78,2023-07-05 18:44:32.823790,-0.039800000000013824,1P,0.005
30482.34,2023-07-05 18:48:38.693233,30480.23,2023-07-05 18:49:52.529252,-0.010550000000002911,1P,0.005
30478.36,2023-07-05 18:50:36.625939,30475.4,2023-07-05 18:52:03.758360,-0.014799999999995634,1P,0.005
30476.61,2023-07-05 18:52:10.763129,30472.73,2023-07-05 18:52:50.814545,-0.019400000000005094,1P,0.005
30488.56,2023-07-05 19:01:08.910503,30482.49,2023-07-05 19:01:18.206178,-0.030349999999998545,1P,0.005
30488.36,2023-07-05 19:01:38.777053,30485.07,2023-07-05 19:01:52.375210,-0.016450000000004367,1P,0.005
30481.44,2023-07-05 19:02:29.217619,30472.91,2023-07-05 19:03:02.709787,-0.04264999999999418,1P,0.005
30475.02,2023-07-05 19:03:51.282682,30469.9,2023-07-05 19:04:18.303043,-0.025599999999994908,1P,0.005
30472.43,2023-07-05 19:04:42.417094,30466.49,2023-07-05 19:05:08.595522,-0.029699999999993454,1P,0.005
30509.59,2023-07-05 19:11:47.514080,30500.89,2023-07-05 19:12:14.290353,-0.04350000000000364,1P,0.005
30507.42,2023-07-05 19:13:46.284566,30502.67,2023-07-05 19:14:09.510514,-0.02375,1P,0.005
30509.94,2023-07-05 19:20:21.305873,30500.21,2023-07-05 19:20:31.152056,-0.04864999999999782,1P,0.005
30499.79,2023-07-05 19:26:01.716998,30493.05,2023-07-05 19:27:30.325167,-0.033700000000008,1P,0.005
30502.05,2023-07-05 19:28:14.684468,30502.0,2023-07-05 19:28:15.840751,-0.000249999999996362,1P,0.005
30516.21,2023-07-05 19:34:30.524557,30509.13,2023-07-05 19:35:51.457532,-0.03539999999999054,1P,0.005
30523.9,2023-07-05 19:40:39.447693,30516.31,2023-07-05 19:41:29.808663,-0.037950000000000726,1P,0.005
30516.71,2023-07-05 19:42:23.974704,30508.39,2023-07-05 19:42:54.007543,-0.04159999999999855,1P,0.005
30499.13,2023-07-05 19:43:54.595097,30497.41,2023-07-05 19:43:55.752218,-0.008600000000005822,1P,0.005
30497.85,2023-07-05 19:43:56.831726,30496.34,2023-07-05 19:43:58.010583,-0.007549999999991996,1P,0.005
30497.98,2023-07-05 19:44:00.114695,30496.58,2023-07-05 19:44:01.268324,-0.006999999999989086,1P,0.005
30504.93,2023-07-05 19:45:22.356754,30503.13,2023-07-05 19:45:23.350865,-0.008999999999996362,1P,0.005
30523.77,2023-07-05 19:46:59.740875,30520.28,2023-07-05 19:47:12.855777,-0.017450000000008004,1P,0.005
30519.19,2023-07-05 19:47:27.078103,30516.47,2023-07-05 19:47:27.924049,-0.01359999999998763,2G,0.005
30519.46,2023-07-05 19:47:29.058524,30510.32,2023-07-05 19:47:40.141045,-0.04569999999999709,1P,0.005
30518.34,2023-07-05 19:48:44.193443,30513.67,2023-07-05 19:49:14.224415,-0.02335000000000946,1P,0.005
30513.81,2023-07-05 19:49:21.118391,30507.31,2023-07-05 19:49:41.136080,-0.0325,1P,0.005
30506.54,2023-07-05 19:50:31.992952,30496.48,2023-07-05 19:50:41.661573,-0.05030000000000655,1P,0.005
30498.36,2023-07-05 19:51:19.223261,30493.48,2023-07-05 19:51:32.250858,-0.024400000000005095,1P,0.005
30488.14,2023-07-05 19:51:56.144196,30480.0,2023-07-05 19:52:02.643358,-0.04069999999999709,1P,0.005
30446.85,2023-07-05 19:53:16.934322,30437.04,2023-07-05 19:53:29.967105,-0.04904999999998836,1P,0.005
30452.94,2023-07-05 19:54:54.467827,30451.16,2023-07-05 19:54:55.335242,-0.00889999999999418,1P,0.005
30455.53,2023-07-05 19:54:56.416183,30454.78,2023-07-05 19:54:57.806975,-0.00375,1P,0.005
30456.39,2023-07-05 19:54:59.219060,30452.0,2023-07-05 19:55:00.696512,-0.02194999999999709,1P,0.005
30460.75,2023-07-05 19:57:49.608982,30441.9,2023-07-05 19:58:36.346984,-0.09424999999999273,1P,0.005
30446.42,2023-07-05 19:59:23.560346,30446.1,2023-07-05 19:59:24.713625,-0.0015999999999985449,1P,0.005
30449.11,2023-07-05 19:59:26.126284,30431.05,2023-07-05 19:59:37.038265,-0.09030000000000656,1P,0.005
30441.82,2023-07-05 20:00:01.110347,30438.92,2023-07-05 20:00:02.269961,-0.014500000000007276,1P,0.005
30433.35,2023-07-05 20:00:03.624744,30426.23,2023-07-05 20:00:17.373071,-0.03559999999999491,1P,0.005
30433.34,2023-07-05 20:00:24.219717,30426.55,2023-07-05 20:00:44.283318,-0.033950000000004366,1P,0.005
30449.96,2023-07-05 20:03:49.581643,30441.64,2023-07-05 20:04:16.123964,-0.04159999999999855,1P,0.005
30464.25,2023-07-05 20:11:58.201030,30453.49,2023-07-05 20:12:11.341204,-0.053799999999992,1P,0.005
30440.27,2023-07-05 20:13:05.817593,30433.08,2023-07-05 20:14:19.373958,-0.03594999999999345,1P,0.005
30437.45,2023-07-05 20:14:59.885112,30430.22,2023-07-05 20:15:09.554868,-0.036149999999997816,1P,0.005
30450.36,2023-07-05 20:17:35.415438,30428.07,2023-07-05 20:17:51.881486,-0.11145000000000437,1P,0.005
30444.88,2023-07-05 20:18:25.994270,30442.98,2023-07-05 20:18:26.905562,-0.009500000000007277,1P,0.005
30464.0,2023-07-05 20:26:55.152327,30459.74,2023-07-05 20:28:12.195029,-0.021299999999991995,1P,0.005
30459.78,2023-07-05 20:29:04.440659,30452.33,2023-07-05 20:32:40.726503,-0.03724999999998545,1P,0.005
30491.13,2023-07-05 20:40:30.740233,30479.98,2023-07-05 20:40:50.892684,-0.05575000000000728,1P,0.005
30489.11,2023-07-05 20:41:31.102981,30484.2,2023-07-05 20:41:44.233016,-0.024549999999999274,1P,0.005
30488.7,2023-07-05 20:43:19.012618,30479.02,2023-07-05 20:45:18.070749,-0.048400000000001456,1P,0.005
30486.25,2023-07-05 20:45:49.239039,30474.12,2023-07-05 20:47:06.514831,-0.060650000000005096,1P,0.005
30465.39,2023-07-05 20:57:24.594788,30457.79,2023-07-05 20:59:08.410694,-0.03799999999999273,1P,0.005
30461.39,2023-07-05 21:02:58.574003,30451.87,2023-07-05 21:03:11.783925,-0.04760000000000218,1P,0.005
30449.98,2023-07-05 21:03:48.997826,30445.61,2023-07-05 21:05:50.173288,-0.021849999999994908,1P,0.005
30452.13,2023-07-05 21:05:57.064460,30447.67,2023-07-05 21:06:07.769689,-0.022300000000013826,1P,0.005
30485.86,2023-07-05 21:27:37.716531,30480.16,2023-07-05 21:27:47.570179,-0.028500000000003637,UMBRAL_PERDIDA,0.005
30485.13,2023-07-05 21:29:01.729635,30483.52,2023-07-05 21:29:02.298102,-0.00805000000000291,UMBRAL_PERDIDA,0.005
30484.38,2023-07-05 21:29:03.804732,30484.04,2023-07-05 21:29:05.212594,-0.0017000000000007276,UMBRAL_PERDIDA,0.005
30484.32,2023-07-05 21:29:07.090434,30480.35,2023-07-05 21:29:38.705678,-0.01985000000000582,SEÑAL,0.005
30484.77,2023-07-05 21:31:43.999363,30483.14,2023-07-05 21:31:57.156087,-0.008150000000005094,SEÑAL,0.005
30484.57,2023-07-05 21:32:03.982882,30483.96,2023-07-05 21:32:34.028407,-0.0030500000000029106,SEÑAL,0.005
30484.36,2023-07-05 21:32:37.757022,30484.15,2023-07-05 21:32:41.082257,-0.0010499999999956345,SEÑAL,0.005
30484.99,2023-07-05 21:32:43.466742,30484.08,2023-07-05 21:32:44.430828,-0.0045499999999992725,SEÑAL,0.005
30485.37,2023-07-05 21:32:48.405452,30484.62,2023-07-05 21:32:51.286962,-0.00375,SEÑAL,0.005
30485.62,2023-07-05 21:32:52.426416,30484.7,2023-07-05 21:32:53.020148,-0.004599999999991269,SEÑAL,0.005
30485.98,2023-07-05 21:32:54.085465,30485.44,2023-07-05 21:32:54.590519,-0.0027000000000043656,SEÑAL,0.005
30486.13,2023-07-05 21:32:56.168942,30482.13,2023-07-05 21:33:31.147551,-0.02,SEÑAL,0.005
30483.0,2023-07-05 21:34:28.900511,30468.28,2023-07-05 21:35:13.812388,-0.07360000000000583,UMBRAL_PERDIDA,0.005
30467.59,2023-07-05 21:35:54.599413,30462.67,2023-07-05 21:36:14.405555,-0.024600000000009458,UMBRAL_PERDIDA,0.005
30456.71,2023-07-05 21:37:02.259630,30446.39,2023-07-05 21:37:29.018250,-0.05159999999999854,UMBRAL_PERDIDA,0.005
30433.06,2023-07-05 21:38:30.439411,30426.39,2023-07-05 21:38:43.102930,-0.03335000000000946,UMBRAL_PERDIDA,0.005
30427.29,2023-07-05 21:39:37.161109,30420.46,2023-07-05 21:40:34.279545,-0.03415000000000873,UMBRAL_PERDIDA,0.005
30460.32,2023-07-05 21:46:22.015575,30458.72,2023-07-05 21:46:48.665051,-0.007999999999992725,SEÑAL,0.005
30435.19,2023-07-05 21:47:47.915031,30428.19,2023-07-05 21:48:31.130807,-0.035,UMBRAL_PERDIDA,0.005
30451.36,2023-07-05 21:53:49.415778,30448.72,2023-07-05 21:54:20.223658,-0.013199999999997089,SEÑAL,0.005
30457.09,2023-07-05 21:57:17.139545,30455.95,2023-07-05 21:58:07.528882,-0.005699999999997089,SEÑAL,0.005
30460.63,2023-07-05 22:01:52.992501,30451.25,2023-07-05 22:02:06.229046,-0.0469000000000051,UMBRAL_PERDIDA,0.005
30476.35,2023-07-05 22:07:30.486313,30468.49,2023-07-05 22:07:40.451355,-0.03929999999998472,UMBRAL_PERDIDA,0.005
30471.24,2023-07-05 22:08:11.546228,30469.77,2023-07-05 22:08:18.290912,-0.007350000000005821,SEÑAL,0.005
30472.71,2023-07-05 22:09:04.855960,30470.17,2023-07-05 22:09:11.006495,-0.012700000000004366,SEÑAL,0.005
30473.22,2023-07-05 22:09:35.098816,30469.03,2023-07-05 22:09:41.269995,-0.020950000000011643,SEÑAL,0.005
30470.43,2023-07-05 22:09:42.606803,30469.89,2023-07-05 22:09:43.843725,-0.0027000000000043656,SEÑAL,0.005
30469.0,2023-07-05 22:10:59.417182,30466.53,2023-07-05 22:12:03.593862,-0.012350000000005822,SEÑAL,0.005
30467.18,2023-07-05 22:12:44.326918,30465.93,2023-07-05 22:12:50.878861,-0.00625,SEÑAL,0.005
30467.38,2023-07-05 22:13:17.890051,30466.17,2023-07-05 22:14:11.430444,-0.006050000000013825,SEÑAL,0.005
30499.26,2023-07-05 22:19:12.930197,30497.02,2023-07-05 22:19:13.772655,-0.011199999999989814,UMBRAL_PERDIDA,0.005
30499.47,2023-07-05 22:19:15.115897,30498.08,2023-07-05 22:19:16.516697,-0.00694999999999709,UMBRAL_PERDIDA,0.005
30498.83,2023-07-05 22:19:18.085365,30489.02,2023-07-05 22:19:56.955102,-0.04905000000000655,UMBRAL_PERDIDA,0.005
30488.78,2023-07-05 22:20:47.419294,30485.91,2023-07-05 22:21:20.793623,-0.014349999999994907,SEÑAL,0.005
30491.76,2023-07-05 22:21:27.926370,30485.0,2023-07-05 22:21:41.343409,-0.033799999999991996,UMBRAL_PERDIDA,0.005
30485.0,2023-07-05 22:22:01.426701,30481.56,2023-07-05 22:22:04.801852,-0.017199999999993453,SEÑAL,0.005
30483.06,2023-07-05 22:22:06.267625,30480.88,2023-07-05 22:22:07.379540,-0.010900000000001455,SEÑAL,0.005
30482.45,2023-07-05 22:22:09.350787,30481.17,2023-07-05 22:22:10.386983,-0.006400000000012369,SEÑAL,0.005
30485.19,2023-07-05 22:22:43.088271,30473.78,2023-07-05 22:23:06.072180,-0.057049999999999275,UMBRAL_PERDIDA,0.005
30475.42,2023-07-05 22:23:43.269299,30470.47,2023-07-05 22:25:17.334028,-0.02474999999998545,SEÑAL,0.005
30473.46,2023-07-05 22:25:38.049977,30472.69,2023-07-05 22:25:40.828277,-0.003850000000002183,SEÑAL,0.005
30469.78,2023-07-05 22:25:42.633033,30467.86,2023-07-05 22:25:44.011588,-0.009599999999991268,SEÑAL,0.005
30468.64,2023-07-05 22:25:45.567672,30467.25,2023-07-05 22:25:46.538595,-0.00694999999999709,SEÑAL,0.005
30467.77,2023-07-05 22:26:21.452282,30461.9,2023-07-05 22:28:17.076948,-0.029349999999994908,SEÑAL,0.005
30459.62,2023-07-05 22:28:57.572325,30451.72,2023-07-05 22:29:34.661922,-0.039499999999989086,UMBRAL_PERDIDA,0.005
30450.8,2023-07-05 22:30:31.783053,30436.88,2023-07-05 22:31:35.351582,-0.06959999999999127,UMBRAL_PERDIDA,0.005
30446.82,2023-07-05 22:32:22.908711,30440.49,2023-07-05 22:32:39.681865,-0.03164999999999054,UMBRAL_PERDIDA,0.005
30440.39,2023-07-05 22:33:37.061376,30430.87,2023-07-05 22:34:27.151569,-0.04760000000000218,UMBRAL_PERDIDA,0.005
30433.84,2023-07-05 22:35:04.577772,30428.43,2023-07-05 22:35:27.798403,-0.027049999999999273,SEÑAL,0.005
30448.2,2023-07-05 22:40:12.690058,30445.47,2023-07-05 22:40:43.267396,-0.013649999999997817,SEÑAL,0.005
30444.37,2023-07-05 22:41:03.928179,30444.09,2023-07-05 22:41:07.315311,-0.0013999999999941793,SEÑAL,0.005
30446.43,2023-07-05 22:41:08.492888,30445.4,2023-07-05 22:41:09.473712,-0.005149999999994179,SEÑAL,0.005
30447.45,2023-07-05 22:41:11.687306,30446.39,2023-07-05 22:41:12.602916,-0.005300000000006549,SEÑAL,0.005
30447.21,2023-07-05 22:41:14.925072,30433.01,2023-07-05 22:41:27.238954,-0.07100000000000364,UMBRAL_PERDIDA,0.005
30437.77,2023-07-05 22:41:57.891129,30437.29,2023-07-05 22:44:08.889921,-0.002399999999997817,SEÑAL,0.005
30436.85,2023-07-05 22:44:59.688516,30427.41,2023-07-05 22:45:09.358100,-0.047199999999993456,UMBRAL_PERDIDA,0.005
30405.05,2023-07-05 22:46:13.390992,30401.9,2023-07-05 22:46:23.542690,-0.015749999999989085,UMBRAL_PERDIDA,0.005
30432.45,2023-07-05 22:48:48.582140,30431.92,2023-07-05 22:49:08.628663,-0.002650000000012369,SEÑAL,0.005
30435.99,2023-07-05 22:49:19.031691,30432.58,2023-07-05 22:49:25.588822,-0.017049999999999274,SEÑAL,0.005
30450.56,2023-07-05 22:53:26.108376,30446.58,2023-07-05 22:53:52.614533,-0.01989999999999782,SEÑAL,0.005
30428.44,2023-07-05 22:55:20.818113,30423.3,2023-07-05 22:55:33.918445,-0.02569999999999709,UMBRAL_PERDIDA,0.005
30425.68,2023-07-05 22:56:21.823647,30422.56,2023-07-05 22:57:18.555199,-0.015599999999994908,SEÑAL,0.005
30428.51,2023-07-05 22:57:59.551579,30426.41,2023-07-05 22:58:51.421689,-0.010499999999992723,SEÑAL,0.005
30426.08,2023-07-05 22:58:55.375326,30425.83,2023-07-05 22:58:58.147768,-0.00125,SEÑAL,0.005
30428.3,2023-07-05 22:59:02.131279,30427.69,2023-07-05 22:59:02.991485,-0.0030500000000029106,SEÑAL,0.005
30437.45,2023-07-05 23:00:10.806400,30436.37,2023-07-05 23:00:11.994666,-0.005400000000008731,SEÑAL,0.005
30441.5,2023-07-05 23:00:14.194542,30438.86,2023-07-05 23:00:14.782140,-0.013199999999997089,SEÑAL,0.005
30441.15,2023-07-05 23:00:26.377915,30439.78,2023-07-05 23:00:29.439985,-0.0068500000000130965,SEÑAL,0.005
30440.69,2023-07-05 23:00:30.929772,30439.75,2023-07-05 23:00:31.485945,-0.004699999999993452,SEÑAL,0.005
30440.12,2023-07-05 23:00:32.707558,30439.61,2023-07-05 23:00:33.574685,-0.0025499999999919966,SEÑAL,0.005
30413.72,2023-07-05 23:02:04.331914,30403.17,2023-07-05 23:02:27.469586,-0.052750000000014556,UMBRAL_PERDIDA,0.005
30399.34,2023-07-05 23:03:14.990790,30392.14,2023-07-05 23:04:02.160651,-0.03600000000000364,UMBRAL_PERDIDA,0.005
30405.01,2023-07-05 23:06:37.149849,30402.58,2023-07-05 23:07:03.916976,-0.012149999999983266,SEÑAL,0.005
30428.68,2023-07-05 23:10:16.684521,30418.79,2023-07-05 23:10:36.526864,-0.049449999999997094,UMBRAL_PERDIDA,0.005
30424.88,2023-07-05 23:11:10.287064,30420.89,2023-07-05 23:11:20.392154,-0.019950000000008003,SEÑAL,0.005
30426.95,2023-07-05 23:11:40.706914,30425.59,2023-07-05 23:12:07.257196,-0.0068000000000029105,SEÑAL,0.005
30430.47,2023-07-05 23:12:44.596362,30418.93,2023-07-05 23:13:01.269322,-0.057700000000004366,UMBRAL_PERDIDA,0.005
30464.97,2023-07-05 23:19:35.882626,30464.41,2023-07-05 23:19:45.318238,-0.0028000000000065486,SEÑAL,0.005
30489.1,2023-07-05 23:22:40.812195,30485.92,2023-07-05 23:22:44.040405,-0.015900000000001455,SEÑAL,0.005
30486.41,2023-07-05 23:22:45.120447,30484.69,2023-07-05 23:22:45.606741,-0.008600000000005822,SEÑAL,0.005
30488.43,2023-07-05 23:22:47.213837,30484.97,2023-07-05 23:22:48.376892,-0.017299999999995635,SEÑAL,0.005
30487.68,2023-07-05 23:26:09.760173,30487.51,2023-07-05 23:27:26.664790,-0.0008500000000094587,SEÑAL,0.005
30489.23,2023-07-05 23:27:37.316645,30487.88,2023-07-05 23:28:27.239418,-0.0067499999999927245,SEÑAL,0.005
30486.27,2023-07-05 23:31:56.773124,30484.9,2023-07-05 23:32:43.975507,-0.006849999999994907,SEÑAL,0.005
30489.91,2023-07-05 23:35:08.903184,30488.85,2023-07-05 23:35:22.055476,-0.005300000000006549,SEÑAL,0.005
30506.0,2023-07-05 23:36:50.779478,30496.34,2023-07-05 23:37:03.866635,-0.048299999999999274,UMBRAL_PERDIDA,0.005
30502.21,2023-07-05 23:38:08.584824,30501.95,2023-07-05 23:38:45.112200,-0.0012999999999919966,SEÑAL,0.005
30501.94,2023-07-05 23:38:48.609976,30499.6,2023-07-05 23:38:51.548393,-0.011700000000000727,SEÑAL,0.005
30501.07,2023-07-05 23:38:56.081380,30499.9,2023-07-05 23:38:57.064982,-0.005849999999991269,SEÑAL,0.005
30522.84,2023-07-05 23:42:14.299938,30521.26,2023-07-05 23:42:15.096003,-0.007900000000008732,UMBRAL_PERDIDA,0.005
30522.13,2023-07-05 23:42:16.208468,30520.2,2023-07-05 23:42:17.401958,-0.009650000000001456,UMBRAL_PERDIDA,0.005
30525.55,2023-07-05 23:43:18.206353,30524.51,2023-07-05 23:43:28.067146,-0.005200000000004366,SEÑAL,0.005
30530.99,2023-07-05 23:43:55.356408,30527.86,2023-07-05 23:44:15.323469,-0.015650000000005094,SEÑAL,0.005
30528.07,2023-07-05 23:44:25.618581,30526.4,2023-07-05 23:44:28.674023,-0.008349999999991269,SEÑAL,0.005
30527.39,2023-07-05 23:44:30.009504,30526.6,2023-07-05 23:44:30.821216,-0.003950000000004366,SEÑAL,0.005
30528.0,2023-07-05 23:44:32.848395,30527.15,2023-07-05 23:44:34.041756,-0.004249999999992724,SEÑAL,0.005
30529.7,2023-07-05 23:45:23.122661,30514.03,2023-07-05 23:45:56.362975,-0.07835000000000945,UMBRAL_PERDIDA,0.005
30512.7,2023-07-05 23:46:50.632749,30505.18,2023-07-05 23:47:50.989216,-0.03760000000000218,SEÑAL,0.005
30494.0,2023-07-05 23:48:48.487890,30479.63,2023-07-05 23:48:58.193418,-0.0718499999999949,UMBRAL_PERDIDA,0.005
30506.44,2023-07-05 23:51:16.678125,30497.04,2023-07-05 23:51:33.036832,-0.046999999999989085,UMBRAL_PERDIDA,0.005
30505.77,2023-07-05 23:59:08.317192,30500.09,2023-07-05 23:59:35.104952,-0.028400000000001455,SEÑAL,0.005
30487.83,2023-07-06 00:01:02.613601,30481.48,2023-07-06 00:01:12.677186,-0.031750000000010915,UMBRAL_PERDIDA,0.005
30481.97,2023-07-06 00:01:29.883060,30477.74,2023-07-06 00:03:03.797085,-0.021149999999997816,UMBRAL_PERDIDA,0.005
30480.18,2023-07-06 00:05:52.361664,30478.3,2023-07-06 00:06:05.562638,-0.009400000000005094,SEÑAL,0.005
30471.94,2023-07-06 00:07:03.183087,30467.49,2023-07-06 00:07:33.052684,-0.022249999999985448,UMBRAL_PERDIDA,0.005
30468.82,2023-07-06 00:07:40.314302,30463.43,2023-07-06 00:07:50.119776,-0.02694999999999709,UMBRAL_PERDIDA,0.005
30464.56,2023-07-06 00:08:15.047908,30461.62,2023-07-06 00:08:47.221555,-0.014700000000011641,SEÑAL,0.005
30457.28,2023-07-06 00:12:09.953386,30449.55,2023-07-06 00:13:20.462026,-0.03864999999999782,SEÑAL,0.005
30452.91,2023-07-06 00:14:11.764109,30446.82,2023-07-06 00:14:31.614605,-0.03045000000000073,UMBRAL_PERDIDA,0.005
30467.14,2023-07-06 00:18:35.135207,30461.45,2023-07-06 00:18:54.955381,-0.028449999999993453,UMBRAL_PERDIDA,0.005
30463.17,2023-07-06 00:19:35.536952,30458.8,2023-07-06 00:19:42.008097,-0.021849999999994908,SEÑAL,0.005
30519.41,2023-07-06 00:24:08.463553,30515.35,2023-07-06 00:24:35.126972,-0.02030000000000655,SEÑAL,0.005
30502.76,2023-07-06 00:26:46.348772,30501.69,2023-07-06 00:28:13.872269,-0.005349999999998545,SEÑAL,0.005
30504.17,2023-07-06 00:28:47.664352,30501.2,2023-07-06 00:29:21.091603,-0.014849999999987632,SEÑAL,0.005
30500.16,2023-07-06 00:30:21.854160,30491.65,2023-07-06 00:30:58.646494,-0.042549999999992,SEÑAL,0.005
30444.73,2023-07-06 00:32:56.904923,30435.87,2023-07-06 00:33:23.445535,-0.04430000000000291,UMBRAL_PERDIDA,0.005
30448.33,2023-07-06 00:36:45.790155,30446.9,2023-07-06 00:37:45.885446,-0.0071500000000014555,SEÑAL,0.005
30448.57,2023-07-06 00:38:50.478782,30447.32,2023-07-06 00:38:53.565070,-0.00625,SEÑAL,0.005
30448.34,2023-07-06 00:38:54.975260,30446.9,2023-07-06 00:38:55.909675,-0.007199999999993452,SEÑAL,0.005
30447.68,2023-07-06 00:38:58.145880,30446.58,2023-07-06 00:38:59.502556,-0.005499999999992724,SEÑAL,0.005
30438.86,2023-07-06 00:40:08.009839,30421.8,2023-07-06 00:40:51.402212,-0.08530000000000655,UMBRAL_PERDIDA,0.005
30415.71,2023-07-06 00:44:00.259888,30413.41,2023-07-06 00:44:03.677677,-0.011499999999996362,SEÑAL,0.005
30411.69,2023-07-06 00:44:04.876974,30411.03,2023-07-06 00:44:05.757490,-0.0032999999999992723,SEÑAL,0.005
30415.11,2023-07-06 00:44:07.549433,30412.49,2023-07-06 00:44:08.539263,-0.013099999999994907,SEÑAL,0.005
30398.89,2023-07-06 00:46:55.261758,30391.19,2023-07-06 00:47:48.964937,-0.038500000000003635,UMBRAL_PERDIDA,0.005
30407.18,2023-07-06 00:48:16.358988,30403.62,2023-07-06 00:48:17.230671,-0.01780000000000655,UMBRAL_PERDIDA,0.005
30408.71,2023-07-06 00:48:19.234595,30407.65,2023-07-06 00:48:20.057015,-0.005299999999988358,UMBRAL_PERDIDA,0.005
30397.0,2023-07-06 00:50:30.776715,30395.17,2023-07-06 00:50:34.165878,-0.009150000000008731,SEÑAL,0.005
30397.65,2023-07-06 00:50:36.161820,30395.4,2023-07-06 00:50:37.155831,-0.01125,SEÑAL,0.005
30404.5,2023-07-06 00:51:07.847611,30403.59,2023-07-06 00:51:08.445371,-0.0045499999999992725,UMBRAL_PERDIDA,0.005
30404.38,2023-07-06 00:51:10.142260,30404.06,2023-07-06 00:51:10.745469,-0.0015999999999985449,UMBRAL_PERDIDA,0.005
30408.26,2023-07-06 00:51:12.530201,30406.08,2023-07-06 00:52:01.384199,-0.010899999999983265,SEÑAL,0.005
30419.46,2023-07-06 00:52:28.618612,30415.31,2023-07-06 00:52:45.268713,-0.020749999999989086,UMBRAL_PERDIDA,0.005
30423.85,2023-07-06 00:56:51.725181,30422.38,2023-07-06 00:57:01.518086,-0.007349999999987631,SEÑAL,0.005
30420.04,2023-07-06 00:57:52.235673,30413.56,2023-07-06 00:58:05.485328,-0.03239999999999782,UMBRAL_PERDIDA,0.005
30412.81,2023-07-06 00:58:30.123323,30411.75,2023-07-06 00:58:31.430594,-0.005300000000006549,SEÑAL,0.005
30412.36,2023-07-06 00:58:33.362607,30411.08,2023-07-06 00:58:36.085183,-0.0063999999999941794,SEÑAL,0.005
30412.94,2023-07-06 00:58:37.276715,30410.98,2023-07-06 00:58:38.703961,-0.009799999999995635,SEÑAL,0.005
30414.52,2023-07-06 00:58:59.672708,30413.38,2023-07-06 01:00:30.412287,-0.005699999999997089,SEÑAL,0.005
30408.98,2023-07-06 01:02:11.856562,30408.43,2023-07-06 01:02:12.988583,-0.002749999999996362,UMBRAL_PERDIDA,0.005
30418.74,2023-07-06 01:02:17.652594,30415.85,2023-07-06 01:02:18.702213,-0.01445000000001528,UMBRAL_PERDIDA,0.005
30425.58,2023-07-06 01:03:39.075680,30419.85,2023-07-06 01:04:02.402277,-0.028650000000016006,SEÑAL,0.005
30420.89,2023-07-06 01:05:03.373443,30416.95,2023-07-06 01:05:40.076374,-0.019699999999993452,SEÑAL,0.005
30414.2,2023-07-06 01:08:35.546293,30412.09,2023-07-06 01:09:22.219361,-0.010550000000002911,SEÑAL,0.005
30426.74,2023-07-06 01:12:10.917957,30422.56,2023-07-06 01:12:17.244226,-0.020900000000001456,UMBRAL_PERDIDA,0.005
30421.66,2023-07-06 01:13:02.799209,30421.38,2023-07-06 01:13:03.935336,-0.0013999999999941793,SEÑAL,0.005
30423.18,2023-07-06 01:13:05.360377,30422.09,2023-07-06 01:13:06.648964,-0.005450000000000728,SEÑAL,0.005
30422.63,2023-07-06 01:14:52.583078,30419.97,2023-07-06 01:15:09.002569,-0.013299999999999272,SEÑAL,0.005
30422.67,2023-07-06 01:15:36.202286,30413.01,2023-07-06 01:16:23.169157,-0.048299999999999274,UMBRAL_PERDIDA,0.005
30399.67,2023-07-06 01:17:34.151925,30398.72,2023-07-06 01:19:05.100446,-0.004749999999985448,SEÑAL,0.005
30401.52,2023-07-06 01:19:32.399723,30391.72,2023-07-06 01:20:32.123809,-0.048999999999996366,UMBRAL_PERDIDA,0.005
30377.91,2023-07-06 01:22:54.221063,30376.13,2023-07-06 01:22:57.137120,-0.00889999999999418,SEÑAL,0.005
30375.48,2023-07-06 01:22:58.800695,30373.53,2023-07-06 01:22:59.767850,-0.009750000000003638,SEÑAL,0.005
30375.12,2023-07-06 01:23:01.379764,30374.12,2023-07-06 01:23:02.297739,-0.005,SEÑAL,0.005
30380.72,2023-07-06 01:23:54.660367,30373.51,2023-07-06 01:24:21.674853,-0.03605000000001383,UMBRAL_PERDIDA,0.005
30381.07,2023-07-06 01:24:38.602864,30378.13,2023-07-06 01:24:58.331965,-0.014699999999993453,SEÑAL,0.005
30406.32,2023-07-06 01:31:06.142517,30405.05,2023-07-06 01:31:09.114544,-0.006350000000002183,UMBRAL_PERDIDA,0.005
30414.0,2023-07-06 01:31:10.594038,30410.92,2023-07-06 01:31:11.463778,-0.015400000000008731,UMBRAL_PERDIDA,0.005
30415.01,2023-07-06 01:34:04.426952,30404.57,2023-07-06 01:34:21.078945,-0.05219999999999345,UMBRAL_PERDIDA,0.005
30409.4,2023-07-06 01:34:38.083356,30406.07,2023-07-06 01:34:44.595118,-0.01665000000000873,SEÑAL,0.005
30407.28,2023-07-06 01:35:08.256719,30403.76,2023-07-06 01:35:14.734986,-0.017600000000002183,SEÑAL,0.005
30409.74,2023-07-06 01:36:05.510874,30405.65,2023-07-06 01:36:42.257821,-0.020450000000000728,UMBRAL_PERDIDA,0.005
30408.06,2023-07-06 01:36:52.696105,30402.9,2023-07-06 01:37:02.153445,-0.02579999999999927,SEÑAL,0.005
30406.69,2023-07-06 01:37:29.223647,30401.71,2023-07-06 01:37:39.227945,-0.024899999999997816,SEÑAL,0.005
30416.52,2023-07-06 01:39:04.343408,30413.66,2023-07-06 01:39:34.282923,-0.014300000000002911,SEÑAL,0.005
30417.8,2023-07-06 01:39:51.232718,30415.93,2023-07-06 01:40:11.374765,-0.009349999999994908,SEÑAL,0.005
30422.25,2023-07-06 01:43:26.855101,30415.97,2023-07-06 01:43:36.395966,-0.03139999999999418,UMBRAL_PERDIDA,0.005
30421.04,2023-07-06 01:44:07.226154,30418.24,2023-07-06 01:44:40.535485,-0.013999999999996363,SEÑAL,0.005
30418.95,2023-07-06 01:44:50.983425,30416.84,2023-07-06 01:44:53.754970,-0.010550000000002911,SEÑAL,0.005
30418.21,2023-07-06 01:44:54.952985,30411.84,2023-07-06 01:44:56.058580,-0.03184999999999491,SEÑAL,0.005
30410.58,2023-07-06 01:44:57.962427,30408.19,2023-07-06 01:44:58.869778,-0.01195000000001528,SEÑAL,0.005
30414.72,2023-07-06 01:45:34.517489,30409.86,2023-07-06 01:46:04.735067,-0.02430000000000291,UMBRAL_PERDIDA,0.005
30413.19,2023-07-06 01:48:33.161206,30412.95,2023-07-06 01:48:39.660956,-0.0011999999999898136,SEÑAL,0.005
30423.24,2023-07-06 01:50:55.001205,30419.03,2023-07-06 01:51:07.669183,-0.021050000000013825,SEÑAL,0.005
30471.37,2023-07-06 01:57:32.111643,30471.22,2023-07-06 01:57:55.566898,-0.0007499999999890861,SEÑAL,0.005
30493.84,2023-07-06 02:04:06.744600,30480.29,2023-07-06 02:04:13.114265,-0.06774999999999637,UMBRAL_PERDIDA,0.005
30502.31,2023-07-06 02:07:22.067819,30498.32,2023-07-06 02:07:38.650710,-0.019950000000008003,SEÑAL,0.005
30524.54,2023-07-06 02:11:11.077060,30518.5,2023-07-06 02:11:13.898670,-0.030200000000004366,SEÑAL,0.005
30528.77,2023-07-06 02:11:15.615536,30527.41,2023-07-06 02:11:16.435219,-0.0068000000000029105,UMBRAL_PERDIDA,0.005
30526.95,2023-07-06 02:11:18.148215,30525.81,2023-07-06 02:11:19.512216,-0.005699999999997089,SEÑAL,0.005
30543.92,2023-07-06 02:11:27.821947,30542.09,2023-07-06 02:11:29.044703,-0.00914999999999054,UMBRAL_PERDIDA,0.005
30542.51,2023-07-06 02:11:30.892735,30540.56,2023-07-06 02:11:31.441560,-0.009749999999985449,UMBRAL_PERDIDA,0.005
30542.77,2023-07-06 02:11:33.007352,30541.0,2023-07-06 02:12:21.223053,-0.008850000000002183,SEÑAL,0.005
30531.49,2023-07-06 02:13:28.961907,30525.38,2023-07-06 02:13:55.613460,-0.03055000000000291,UMBRAL_PERDIDA,0.005
30511.45,2023-07-06 02:15:06.518007,30510.74,2023-07-06 02:16:50.708823,-0.0035499999999956343,SEÑAL,0.005
30511.33,2023-07-06 02:21:23.865062,30507.89,2023-07-06 02:21:26.634033,-0.017200000000011643,SEÑAL,0.005
30510.69,2023-07-06 02:21:28.366994,30509.48,2023-07-06 02:21:29.302562,-0.006049999999995634,SEÑAL,0.005
30510.21,2023-07-06 02:21:31.255569,30509.57,2023-07-06 02:21:32.089231,-0.0031999999999970897,SEÑAL,0.005
30516.28,2023-07-06 02:21:47.281728,30510.74,2023-07-06 02:21:56.869188,-0.027699999999986177,UMBRAL_PERDIDA,0.005
30511.03,2023-07-06 02:22:47.625953,30508.01,2023-07-06 02:23:27.836215,-0.015100000000002183,SEÑAL,0.005
30507.2,2023-07-06 02:23:32.181691,30504.01,2023-07-06 02:23:34.424708,-0.015950000000011642,SEÑAL,0.005
30504.96,2023-07-06 02:23:35.885666,30503.76,2023-07-06 02:23:37.155906,-0.006000000000003638,SEÑAL,0.005
30504.61,2023-07-06 02:23:39.181111,30503.12,2023-07-06 02:23:40.063043,-0.007450000000008004,SEÑAL,0.005
30503.27,2023-07-06 02:24:25.265362,30499.03,2023-07-06 02:24:28.269233,-0.021200000000008004,SEÑAL,0.005
30502.19,2023-07-06 02:24:29.666913,30501.07,2023-07-06 02:24:30.450436,-0.005599999999994907,SEÑAL,0.005
30480.53,2023-07-06 02:25:52.656137,30479.62,2023-07-06 02:25:58.920012,-0.0045499999999992725,SEÑAL,0.005
30476.97,2023-07-06 02:26:29.704996,30468.23,2023-07-06 02:26:36.334552,-0.043700000000008,UMBRAL_PERDIDA,0.005
30469.68,2023-07-06 02:26:56.576815,30460.56,2023-07-06 02:27:53.485967,-0.04559999999999491,UMBRAL_PERDIDA,0.005
30485.96,2023-07-06 02:29:28.063544,30484.24,2023-07-06 02:29:51.276901,-0.008599999999987631,SEÑAL,0.005
30497.4,2023-07-06 02:30:55.562062,30491.54,2023-07-06 02:31:05.439482,-0.02930000000000291,UMBRAL_PERDIDA,0.005
30495.0,2023-07-06 02:31:39.497117,30493.6,2023-07-06 02:31:45.811107,-0.0070000000000072764,SEÑAL,0.005
30493.85,2023-07-06 02:32:03.783352,30493.37,2023-07-06 02:32:06.167933,-0.002399999999997817,SEÑAL,0.005
30494.87,2023-07-06 02:32:07.879632,30494.56,2023-07-06 02:32:08.482799,-0.0015499999999883584,SEÑAL,0.005
30493.47,2023-07-06 02:32:09.956817,30493.09,2023-07-06 02:32:10.530777,-0.0019000000000050931,SEÑAL,0.005
30502.24,2023-07-06 02:32:44.152873,30497.83,2023-07-06 02:33:10.825727,-0.02204999999999927,SEÑAL,0.005
30497.76,2023-07-06 02:36:12.870043,30496.93,2023-07-06 02:36:16.161520,-0.0041499999999905415,SEÑAL,0.005
30496.14,2023-07-06 02:36:17.690871,30495.57,2023-07-06 02:36:18.571477,-0.0028499999999985447,SEÑAL,0.005
30497.38,2023-07-06 02:37:14.701897,30497.1,2023-07-06 02:37:15.500812,-0.0014000000000123692,SEÑAL,0.005
30496.51,2023-07-06 02:37:17.322902,30496.21,2023-07-06 02:37:20.196185,-0.001499999999996362,SEÑAL,0.005
30497.24,2023-07-06 02:37:21.562610,30496.22,2023-07-06 02:37:22.426780,-0.005100000000002183,SEÑAL,0.005
30496.34,2023-07-06 02:37:23.622606,30495.39,2023-07-06 02:37:24.206479,-0.0047500000000036385,SEÑAL,0.005
30487.91,2023-07-06 02:42:02.817511,30486.41,2023-07-06 02:42:05.697692,-0.0075,SEÑAL,0.005
30487.0,2023-07-06 02:42:07.442957,30486.37,2023-07-06 02:42:08.474226,-0.003150000000005093,SEÑAL,0.005
30484.65,2023-07-06 02:42:10.528989,30483.42,2023-07-06 02:42:11.659797,-0.006150000000016007,SEÑAL,0.005
30491.71,2023-07-06 02:42:36.519980,30483.52,2023-07-06 02:43:36.736773,-0.04094999999999345,UMBRAL_PERDIDA,0.005
30479.53,2023-07-06 02:44:27.533801,30478.21,2023-07-06 02:45:21.114674,-0.0065999999999985445,SEÑAL,0.005
30475.7,2023-07-06 02:48:09.798145,30475.21,2023-07-06 02:48:12.797192,-0.0024500000000080035,SEÑAL,0.005
30476.87,2023-07-06 02:48:14.041172,30475.67,2023-07-06 02:48:15.011585,-0.006000000000003638,SEÑAL,0.005
30476.72,2023-07-06 02:48:17.055993,30475.74,2023-07-06 02:48:17.932484,-0.0048999999999978176,SEÑAL,0.005
30476.45,2023-07-06 02:48:19.873802,30475.62,2023-07-06 02:48:26.769798,-0.004150000000008731,SEÑAL,0.005
30476.34,2023-07-06 02:49:14.386161,30476.28,2023-07-06 02:49:34.256238,-0.0003000000000065484,SEÑAL,0.005
30477.32,2023-07-06 02:49:41.348132,30475.74,2023-07-06 02:49:47.522934,-0.007899999999990541,SEÑAL,0.005
30478.51,2023-07-06 02:49:51.192420,30476.34,2023-07-06 02:50:21.401685,-0.01084999999999127,SEÑAL,0.005
30483.38,2023-07-06 02:52:36.635435,30482.6,2023-07-06 02:54:03.971864,-0.0039000000000123693,SEÑAL,0.005
30478.1,2023-07-06 02:55:01.151686,30475.84,2023-07-06 02:56:48.752461,-0.011299999999991997,SEÑAL,0.005
30473.34,2023-07-06 02:57:59.642535,30472.67,2023-07-06 02:59:26.815964,-0.0033500000000094587,SEÑAL,0.005
30482.22,2023-07-06 03:01:51.877742,30481.47,2023-07-06 03:01:54.991550,-0.00375,SEÑAL,0.005
30481.89,2023-07-06 03:01:56.594091,30481.38,2023-07-06 03:01:57.396754,-0.0025499999999919966,SEÑAL,0.005
30482.01,2023-07-06 03:01:59.001021,30480.78,2023-07-06 03:01:59.990244,-0.006149999999997817,SEÑAL,0.005
30480.88,2023-07-06 03:09:24.801745,30480.21,2023-07-06 03:10:28.622614,-0.0033500000000094587,SEÑAL,0.005
30483.12,2023-07-06 03:11:02.294767,30477.95,2023-07-06 03:11:22.467984,-0.02584999999999127,UMBRAL_PERDIDA,0.005
30478.46,2023-07-06 03:11:52.975006,30477.9,2023-07-06 03:11:56.084999,-0.0027999999999883587,SEÑAL,0.005
30481.48,2023-07-06 03:11:57.537117,30480.57,2023-07-06 03:11:58.646492,-0.0045499999999992725,SEÑAL,0.005
30479.36,2023-07-06 03:12:00.616454,30477.46,2023-07-06 03:12:01.485598,-0.009500000000007277,SEÑAL,0.005
30475.69,2023-07-06 03:12:03.502404,30474.19,2023-07-06 03:12:06.515879,-0.0075,SEÑAL,0.005
30475.08,2023-07-06 03:12:07.693955,30474.17,2023-07-06 03:12:08.215093,-0.004550000000017463,SEÑAL,0.005
30474.44,2023-07-06 03:12:09.404480,30473.56,2023-07-06 03:12:10.368237,-0.004399999999986903,SEÑAL,0.005
30495.64,2023-07-06 03:16:32.574005,30491.77,2023-07-06 03:16:49.238791,-0.019349999999994906,SEÑAL,0.005
30499.97,2023-07-06 03:17:03.090157,30495.59,2023-07-06 03:17:22.949532,-0.021900000000005092,SEÑAL,0.005
30499.18,2023-07-06 03:17:53.547403,30498.42,2023-07-06 03:17:56.602148,-0.0038000000000101863,SEÑAL,0.005
30505.08,2023-07-06 03:18:33.771045,30503.48,2023-07-06 03:19:20.794373,-0.008000000000010913,SEÑAL,0.005
30507.18,2023-07-06 03:20:32.503334,30505.34,2023-07-06 03:21:09.323689,-0.009200000000000728,SEÑAL,0.005
30485.21,2023-07-06 03:23:07.512217,30480.3,2023-07-06 03:23:13.788667,-0.024549999999999274,SEÑAL,0.005
30483.93,2023-07-06 03:23:40.939446,30480.91,2023-07-06 03:25:49.005665,-0.015100000000002183,SEÑAL,0.005
30484.28,2023-07-06 03:26:36.215476,30483.27,2023-07-06 03:26:46.018900,-0.005049999999991997,SEÑAL,0.005
30483.56,2023-07-06 03:26:49.691128,30482.56,2023-07-06 03:26:59.462951,-0.005,SEÑAL,0.005
30507.07,2023-07-06 03:29:41.289454,30504.86,2023-07-06 03:29:44.674340,-0.011049999999995634,SEÑAL,0.005
30505.55,2023-07-06 03:29:46.421424,30503.7,2023-07-06 03:29:47.509476,-0.009249999999992724,SEÑAL,0.005
30505.77,2023-07-06 03:29:48.588329,30503.82,2023-07-06 03:29:51.409361,-0.009750000000003638,SEÑAL,0.005
30505.49,2023-07-06 03:29:53.585600,30504.9,2023-07-06 03:29:54.135349,-0.0029500000000007276,SEÑAL,0.005
30510.67,2023-07-06 03:30:12.146512,30504.83,2023-07-06 03:30:45.040618,-0.02919999999998254,SEÑAL,0.005
30506.85,2023-07-06 03:31:29.062129,30504.41,2023-07-06 03:31:32.124506,-0.012199999999993452,SEÑAL,0.005
30506.22,2023-07-06 03:31:33.233989,30505.19,2023-07-06 03:31:34.055241,-0.0051500000000123695,SEÑAL,0.005
30504.97,2023-07-06 03:31:36.030348,30504.47,2023-07-06 03:31:37.177938,-0.0025,SEÑAL,0.005
30505.12,2023-07-06 03:31:42.391966,30503.68,2023-07-06 03:32:16.143444,-0.007199999999993452,SEÑAL,0.005
30508.96,2023-07-06 03:34:23.587938,30507.36,2023-07-06 03:34:42.862245,-0.007999999999992725,SEÑAL,0.005
30509.0,2023-07-06 03:34:49.948097,30508.19,2023-07-06 03:35:03.158929,-0.004050000000006548,SEÑAL,0.005
30517.02,2023-07-06 03:46:34.319864,30515.35,2023-07-06 03:46:37.082919,-0.00835000000000946,SEÑAL,0.005
30516.61,2023-07-06 03:46:38.126709,30515.96,2023-07-06 03:46:39.199438,-0.003250000000007276,SEÑAL,0.005
30516.59,2023-07-06 03:46:41.070742,30515.97,2023-07-06 03:46:41.638812,-0.0030999999999949067,SEÑAL,0.005
30507.94,2023-07-06 03:48:25.990867,30501.64,2023-07-06 03:49:16.096668,-0.031499999999996364,UMBRAL_PERDIDA,0.005
30513.29,2023-07-06 03:52:01.431767,30502.69,2023-07-06 03:52:17.722219,-0.05300000000001091,UMBRAL_PERDIDA,0.005
30509.16,2023-07-06 03:52:51.766404,30504.64,2023-07-06 03:53:48.916397,-0.022600000000002184,SEÑAL,0.005
30511.06,2023-07-06 03:54:19.256447,30507.42,2023-07-06 03:54:29.165969,-0.01820000000001528,SEÑAL,0.005
30507.48,2023-07-06 03:55:27.832382,30496.58,2023-07-06 03:56:22.120707,-0.054499999999989085,SEÑAL,0.005
30500.74,2023-07-06 03:57:02.877488,30495.3,2023-07-06 03:57:29.367630,-0.027200000000011642,SEÑAL,0.005
30500.93,2023-07-06 03:59:07.659081,30497.9,2023-07-06 03:59:17.497688,-0.01514999999999418,SEÑAL,0.005
30502.67,2023-07-06 04:00:11.664984,30502.17,2023-07-06 04:01:18.742494,-0.0025,SEÑAL,0.005
30500.28,2023-07-06 04:02:12.861022,30494.43,2023-07-06 04:02:22.543193,-0.029249999999992726,SEÑAL,0.005
30499.69,2023-07-06 04:02:53.211428,30497.48,2023-07-06 04:03:30.195210,-0.011049999999995634,SEÑAL,0.005
30497.38,2023-07-06 04:03:33.470335,30496.62,2023-07-06 04:03:37.148031,-0.0038000000000101863,SEÑAL,0.005
30497.98,2023-07-06 04:03:38.605860,30496.95,2023-07-06 04:03:39.713922,-0.005149999999994179,SEÑAL,0.005
30497.51,2023-07-06 04:03:41.629624,30496.58,2023-07-06 04:03:42.137365,-0.004649999999983266,SEÑAL,0.005
30498.07,2023-07-06 04:03:50.834972,30494.05,2023-07-06 04:04:33.942573,-0.020100000000002182,UMBRAL_PERDIDA,0.005
30499.9,2023-07-06 04:06:35.494215,30499.53,2023-07-06 04:06:45.226182,-0.0018500000000130968,SEÑAL,0.005
30502.03,2023-07-06 04:07:26.042117,30497.62,2023-07-06 04:07:49.121337,-0.02204999999999927,UMBRAL_PERDIDA,0.005
30497.23,2023-07-06 04:09:40.812756,30496.72,2023-07-06 04:10:04.362643,-0.0025499999999919966,SEÑAL,0.005
30495.66,2023-07-06 04:11:08.532488,30494.56,2023-07-06 04:11:09.090447,-0.005499999999992724,UMBRAL_PERDIDA,0.005
30509.82,2023-07-06 04:12:53.393897,30509.81,2023-07-06 04:13:06.250495,-4.999999999199645e-05,SEÑAL,0.005
30510.44,2023-07-06 04:15:14.791115,30509.41,2023-07-06 04:15:48.496384,-0.005149999999994179,UMBRAL_PERDIDA,0.005
30521.89,2023-07-06 04:18:06.623717,30514.02,2023-07-06 04:18:23.208812,-0.03934999999999491,SEÑAL,0.005
30518.6,2023-07-06 04:19:00.537357,30514.02,2023-07-06 04:19:07.125578,-0.022899999999990543,SEÑAL,0.005
30524.35,2023-07-06 04:22:34.036826,30522.44,2023-07-06 04:22:47.421373,-0.009549999999999273,SEÑAL,0.005
30521.49,2023-07-06 04:25:12.044188,30520.24,2023-07-06 04:25:32.376457,-0.00625,SEÑAL,0.005
30524.28,2023-07-06 04:28:26.008505,30522.47,2023-07-06 04:29:09.962280,-0.009049999999988359,SEÑAL,0.005
30512.21,2023-07-06 04:30:03.927401,30507.48,2023-07-06 04:30:20.504244,-0.02364999999999782,UMBRAL_PERDIDA,0.005
30495.12,2023-07-06 04:32:59.825457,30489.53,2023-07-06 04:33:49.809427,-0.027950000000000728,UMBRAL_PERDIDA,0.005
30486.5,2023-07-06 04:35:05.040002,30485.64,2023-07-06 04:35:14.792544,-0.004300000000002911,SEÑAL,0.005
30486.24,2023-07-06 04:35:18.415407,30481.47,2023-07-06 04:35:31.476893,-0.023850000000002182,SEÑAL,0.005
30487.93,2023-07-06 04:38:33.871198,30487.66,2023-07-06 04:39:07.309304,-0.0013500000000021828,SEÑAL,0.005
30488.97,2023-07-06 04:40:14.759810,30485.25,2023-07-06 04:40:54.793990,-0.01860000000000582,SEÑAL,0.005
30491.51,2023-07-06 04:41:08.775999,30486.05,2023-07-06 04:41:18.341136,-0.027299999999995633,UMBRAL_PERDIDA,0.005
30487.66,2023-07-06 04:44:44.696660,30484.82,2023-07-06 04:45:01.192545,-0.014200000000000728,SEÑAL,0.005
30489.62,2023-07-06 04:45:18.284109,30486.61,2023-07-06 04:45:51.630483,-0.015049999999991997,UMBRAL_PERDIDA,0.005
30487.78,2023-07-06 04:46:37.012241,30484.64,2023-07-06 04:46:46.806596,-0.01569999999999709,SEÑAL,0.005
30485.85,2023-07-06 04:47:22.265207,30483.95,2023-07-06 04:48:12.244211,-0.009499999999989087,SEÑAL,0.005
30486.01,2023-07-06 04:48:43.098414,30485.57,2023-07-06 04:48:44.429605,-0.0021999999999934516,SEÑAL,0.005
30485.38,2023-07-06 04:48:45.773086,30484.93,2023-07-06 04:48:47.147863,-0.002250000000003638,SEÑAL,0.005
30485.27,2023-07-06 04:48:58.809136,30475.79,2023-07-06 04:49:12.311707,-0.04739999999999782,SEÑAL,0.005
30474.33,2023-07-06 04:50:03.852210,30473.14,2023-07-06 04:50:09.525588,-0.005950000000011641,SEÑAL,0.005
30473.82,2023-07-06 04:50:11.097700,30473.32,2023-07-06 04:50:11.679463,-0.0025,SEÑAL,0.005
30473.02,2023-07-06 04:50:33.279982,30471.46,2023-07-06 04:51:50.464005,-0.007800000000006548,SEÑAL,0.005
30464.94,2023-07-06 04:53:01.321107,30458.53,2023-07-06 04:54:13.406279,-0.032049999999999274,UMBRAL_PERDIDA,0.005
